Survived,Pclass,Sex,Age,SibSp,Parch,Fare,Embarked,HasCabin,FamilySize,IsAlone,FamilyCategory,Title,TitleAgeType,Deck,TicketPrefix,TicketLen,FarePerPerson,FareBin,AgeBin,AgeClass,ClassSex,ClassEmbarked,FareClass,TitleSex,WomenChild,HighClassFemale
1,3,male,29.613297619047625,0,0,56.4958,S,0,1,1,Single,Mr,Adult,Unknown,None,4,56.4958,VeryHigh,Adult,88.83989285714287,3_male,3_S,3_VeryHigh,Mr_male,0,0
0,2,male,35.057760836171056,0,0,0.0,S,0,1,1,Single,Mr,Adult,Unknown,None,6,0.0,Low,Middle,70.11552167234211,2_male,2_S,2_Low,Mr_male,0,0
0,1,male,32.1775,0,0,221.7792,S,1,1,1,Single,Mr,Adult,Unknown,PC,8,221.7792,VeryHigh,Adult,32.1775,1_male,1_S,1_VeryHigh,Mr_male,0,0
1,3,female,18.0,0,1,9.35,S,0,2,0,Small,Mrs,Adult,Unknown,None,6,4.675,Mid,Teen,54.0,3_female,3_S,3_Mid,Mrs_female,1,0
1,2,female,31.0,1,1,26.25,S,0,3,0,Small,Mrs,Adult,Unknown,CA,10,8.75,High,Adult,62.0,2_female,2_S,2_High,Mrs_female,1,0
0,3,male,21.0,0,0,8.4333,S,0,1,1,Single,Mr,Adult,Unknown,None,4,8.4333,Mid,Adult,63.0,3_male,3_S,3_Mid,Mr_male,0,0
1,3,male,26.0,0,0,56.4958,S,0,1,1,Single,Mr,Adult,Unknown,None,4,56.4958,VeryHigh,Adult,78.0,3_male,3_S,3_VeryHigh,Mr_male,0,0
0,1,male,33.0025,0,0,227.525,C,0,1,1,Single,Mr,Adult,Unknown,PC,8,227.525,VeryHigh,Adult,33.0025,1_male,1_C,1_VeryHigh,Mr_male,0,0
1,3,male,47.23933016983016,0,0,7.75,Q,0,1,1,Single,Mr,Adult,Unknown,None,6,7.75,Low,Middle,141.71799050949048,3_male,3_Q,3_Low,Mr_male,0,0
0,3,female,31.0,1,0,18.0,S,0,2,0,Small,Mrs,Adult,Unknown,None,6,9.0,High,Adult,93.0,3_female,3_S,3_High,Mrs_female,1,0
1,1,male,56.0,0,0,35.5,C,1,1,1,Single,Rare,Varied,Unknown,None,5,35.5,VeryHigh,Middle,56.0,1_male,1_C,1_VeryHigh,Rare_male,0,0
0,3,female,21.0,1,0,9.825,S,0,2,0,Small,Miss,Young,Unknown,None,4,4.9125,Mid,Adult,63.0,3_female,3_S,3_Mid,Miss_female,1,0
0,3,male,13.598253968253976,8,2,69.55,S,0,11,0,Large,Mr,Adult,Unknown,CA,8,6.322727272727272,VeryHigh,Teen,40.79476190476193,3_male,3_S,3_VeryHigh,Mr_male,1,0
0,1,male,56.0,0,0,26.55,S,0,1,1,Single,Mr,Adult,Unknown,None,6,26.55,High,Middle,56.0,1_male,1_S,1_High,Mr_male,0,0
0,3,male,21.0,0,0,7.8,S,0,1,1,Single,Mr,Adult,Unknown,A,10,7.8,Low,Adult,63.0,3_male,3_S,3_Low,Mr_male,0,0
1,1,female,33.0,1,0,90.0,Q,1,2,0,Small,Miss,Young,Unknown,None,5,45.0,VeryHigh,Adult,33.0,1_female,1_Q,1_VeryHigh,Miss_female,1,1
0,3,male,21.0,0,0,7.7333,Q,0,1,1,Single,Mr,Adult,Unknown,A,10,7.7333,Low,Adult,63.0,3_male,3_Q,3_Low,Mr_male,0,0
0,3,male,30.631309794372306,0,0,7.25,S,0,1,1,Single,Mr,Adult,Unknown,None,6,7.25,Low,Adult,91.89392938311693,3_male,3_S,3_Low,Mr_male,0,0
0,3,male,43.0,0,0,6.45,S,0,1,1,Single,Mr,Adult,Unknown,C,6,6.45,Low,Middle,129.0,3_male,3_S,3_Low,Mr_male,0,0
0,3,female,5.979821428571429,3,1,25.4667,S,0,5,0,Medium,Miss,Young,Unknown,None,4,5.0933399999999995,High,Child,17.939464285714287,3_female,3_S,3_High,Miss_female,1,0
0,3,male,30.0,1,0,16.1,S,0,2,0,Small,Mr,Adult,Unknown,A,9,8.05,High,Adult,90.0,3_male,3_S,3_High,Mr_male,0,0
1,1,female,32.0,0,0,76.2917,C,1,1,1,Single,Miss,Young,Unknown,None,5,76.2917,VeryHigh,Adult,32.0,1_female,1_C,1_VeryHigh,Miss_female,1,1
1,1,female,32.11938095238095,0,0,79.2,C,0,1,1,Single,Mrs,Adult,Unknown,PC,8,79.2,VeryHigh,Adult,32.11938095238095,1_female,1_C,1_VeryHigh,Mrs_female,1,1
1,2,male,19.0,0,0,10.5,S,0,1,1,Single,Mr,Adult,Unknown,Other,9,10.5,Mid,Adult,38.0,2_male,2_S,2_Mid,Mr_male,0,0
0,3,male,24.0,0,0,7.8958,S,0,1,1,Single,Mr,Adult,Unknown,None,6,7.8958,Low,Adult,72.0,3_male,3_S,3_Low,Mr_male,0,0
1,2,female,45.0,0,0,13.5,S,0,1,1,Single,Mrs,Adult,Unknown,None,6,13.5,Mid,Middle,90.0,2_female,2_S,2_Mid,Mrs_female,1,0
0,3,male,23.0,0,0,7.8958,S,0,1,1,Single,Mr,Adult,Unknown,None,6,7.8958,Low,Adult,69.0,3_male,3_S,3_Low,Mr_male,0,0
0,3,male,42.0,0,1,8.4042,S,0,2,0,Small,Mr,Adult,Unknown,None,4,4.2021,Mid,Middle,126.0,3_male,3_S,3_Mid,Mr_male,0,0
1,1,female,39.0,1,1,83.1583,C,1,3,0,Small,Miss,Young,Unknown,PC,8,27.71943333333333,VeryHigh,Middle,39.0,1_female,1_C,1_VeryHigh,Miss_female,1,1
1,3,male,16.0,0,0,8.05,S,0,1,1,Single,Mr,Adult,Unknown,SOTONOQ,15,8.05,Mid,Teen,48.0,3_male,3_S,3_Mid,Mr_male,0,0
0,3,male,28.08613077322936,0,0,7.8958,S,0,1,1,Single,Mr,Adult,Unknown,None,6,7.8958,Low,Adult,84.25839231968808,3_male,3_S,3_Low,Mr_male,0,0
0,2,male,66.0,0,0,10.5,S,0,1,1,Single,Mr,Adult,Unknown,CA,10,10.5,Mid,Senior,132.0,2_male,2_S,2_Mid,Mr_male,0,0
1,1,male,28.0,0,0,26.55,S,1,1,1,Single,Mr,Adult,Unknown,None,6,26.55,High,Adult,28.0,1_male,1_S,1_High,Mr_male,0,0
0,2,male,51.0,0,0,12.525,S,0,1,1,Single,Rare,Varied,Unknown,Other,11,12.525,Mid,Middle,102.0,2_male,2_S,2_Mid,Rare_male,0,0
0,2,male,47.0,0,0,15.0,S,0,1,1,Single,Mr,Adult,Unknown,None,6,15.0,High,Middle,94.0,2_male,2_S,2_High,Mr_male,0,0
1,3,male,18.0,0,0,8.05,S,0,1,1,Single,Mr,Adult,Unknown,A,8,8.05,Mid,Teen,54.0,3_male,3_S,3_Mid,Mr_male,0,0
0,2,male,36.0,0,0,13.0,S,0,1,1,Single,Mr,Adult,Unknown,None,6,13.0,Mid,Middle,72.0,2_male,2_S,2_Mid,Mr_male,0,0
1,2,female,30.0,0,0,13.0,S,0,1,1,Single,Miss,Young,Unknown,None,6,13.0,Mid,Adult,60.0,2_female,2_S,2_Mid,Miss_female,1,0
1,2,female,22.0,1,1,29.0,S,0,3,0,Small,Mrs,Adult,Unknown,None,6,9.666666666666666,High,Adult,44.0,2_female,2_S,2_High,Mrs_female,1,0
0,3,female,27.068492875180368,0,0,7.75,Q,0,1,1,Single,Miss,Young,Unknown,None,6,7.75,Low,Adult,81.2054786255411,3_female,3_Q,3_Low,Miss_female,1,0
0,2,male,25.0,0,0,13.0,S,0,1,1,Single,Mr,Adult,Unknown,CA,10,13.0,Mid,Adult,50.0,2_male,2_S,2_Mid,Mr_male,0,0
0,3,male,25.252799873737366,0,0,7.2292,C,0,1,1,Single,Mr,Adult,Unknown,None,4,7.2292,Low,Adult,75.7583996212121,3_male,3_C,3_Low,Mr_male,0,0
1,2,female,32.0,0,0,13.0,S,0,1,1,Single,Mrs,Adult,Unknown,None,6,13.0,Mid,Adult,64.0,2_female,2_S,2_Mid,Mrs_female,1,0
1,3,male,32.323532994782994,0,0,7.775,S,0,1,1,Single,Mr,Adult,Unknown,None,6,7.775,Low,Adult,96.97059898434898,3_male,3_S,3_Low,Mr_male,0,0
1,3,female,19.0,1,0,7.8542,S,0,2,0,Small,Miss,Young,Unknown,None,6,3.9271,Low,Adult,57.0,3_female,3_S,3_Low,Miss_female,1,0
1,1,male,52.0,0,0,30.5,S,1,1,1,Single,Rare,Varied,Unknown,None,6,30.5,High,Middle,52.0,1_male,1_S,1_High,Rare_male,0,0
0,1,male,71.0,0,0,34.6542,C,1,1,1,Single,Mr,Adult,Unknown,PC,8,34.6542,VeryHigh,Senior,71.0,1_male,1_C,1_VeryHigh,Mr_male,0,0
0,3,male,32.0,0,0,7.925,S,0,1,1,Single,Mr,Adult,Unknown,STONO ,17,7.925,Mid,Adult,96.0,3_male,3_S,3_Mid,Mr_male,0,0
0,3,male,19.0,0,0,7.65,S,1,1,1,Single,Mr,Adult,Unknown,None,6,7.65,Low,Adult,57.0,3_male,3_S,3_Low,Mr_male,0,0
0,3,male,33.99775,1,0,15.5,Q,0,2,0,Small,Mr,Adult,Unknown,None,6,7.75,High,Adult,101.99325000000002,3_male,3_Q,3_High,Mr_male,0,0
0,3,female,22.0,0,0,9.8375,S,0,1,1,Single,Miss,Young,Unknown,None,4,9.8375,Mid,Adult,66.0,3_female,3_S,3_Mid,Miss_female,1,0
0,1,male,50.0,1,0,55.9,S,1,2,0,Small,Mr,Adult,Unknown,None,5,27.95,VeryHigh,Middle,50.0,1_male,1_S,1_VeryHigh,Mr_male,0,0
0,3,male,4.0,3,2,27.9,S,0,6,0,Medium,Master,Child,Unknown,None,6,4.6499999999999995,High,Child,12.0,3_male,3_S,3_High,Master_male,1,0
1,1,female,36.0,1,2,120.0,S,1,4,0,Small,Mrs,Adult,Unknown,None,6,30.0,VeryHigh,Middle,36.0,1_female,1_S,1_VeryHigh,Mrs_female,1,1
0,1,male,19.0,1,0,53.1,S,1,2,0,Small,Mr,Adult,Unknown,None,6,26.55,VeryHigh,Adult,19.0,1_male,1_S,1_VeryHigh,Mr_male,0,0
1,1,female,30.0,0,0,31.0,C,0,1,1,Single,Miss,Young,Unknown,None,6,31.0,High,Adult,30.0,1_female,1_C,1_High,Miss_female,1,1
1,3,male,29.613297619047625,0,0,56.4958,S,0,1,1,Single,Mr,Adult,Unknown,None,4,56.4958,VeryHigh,Adult,88.83989285714287,3_male,3_S,3_VeryHigh,Mr_male,0,0
0,3,male,30.0,0,0,7.25,S,0,1,1,Single,Mr,Adult,Unknown,C,6,7.25,Low,Adult,90.0,3_male,3_S,3_Low,Mr_male,0,0
0,3,male,21.0,0,0,8.05,S,0,1,1,Single,Mr,Adult,Unknown,A,9,8.05,Mid,Adult,63.0,3_male,3_S,3_Mid,Mr_male,0,0
0,2,male,30.0,1,0,24.0,C,0,2,0,Small,Mr,Adult,Unknown,Other,9,12.0,High,Adult,60.0,2_male,2_C,2_High,Mr_male,0,0
1,2,female,18.0,0,1,23.0,S,0,2,0,Small,Miss,Young,Unknown,None,6,11.5,High,Teen,36.0,2_female,2_S,2_High,Miss_female,1,0
0,3,male,19.0,0,0,0.0,S,0,1,1,Single,Mr,Adult,Unknown,Other,4,0.0,Low,Adult,57.0,3_male,3_S,3_Low,Mr_male,0,0
1,1,female,38.0,0,0,227.525,C,1,1,1,Single,Miss,Young,Unknown,PC,8,227.525,VeryHigh,Middle,38.0,1_female,1_C,1_VeryHigh,Miss_female,1,1
0,3,male,10.0,3,2,27.9,S,0,6,0,Medium,Master,Child,Unknown,None,6,4.6499999999999995,High,Child,30.0,3_male,3_S,3_High,Master_male,1,0
0,2,male,35.057760836171056,0,0,0.0,S,0,1,1,Single,Mr,Adult,Unknown,None,6,0.0,Low,Middle,70.11552167234211,2_male,2_S,2_Low,Mr_male,0,0
0,3,female,29.0,1,1,10.4625,S,1,3,0,Small,Mrs,Adult,Unknown,None,6,3.4875000000000003,Mid,Adult,87.0,3_female,3_S,3_Mid,Mrs_female,1,0
0,3,male,30.631309794372306,0,0,7.3125,S,0,1,1,Single,Mr,Adult,Unknown,Other,9,7.3125,Low,Adult,91.89392938311693,3_male,3_S,3_Low,Mr_male,0,0
0,3,male,28.0,1,0,15.85,S,0,2,0,Small,Mr,Adult,Unknown,Other,16,7.925,High,Adult,84.0,3_male,3_S,3_High,Mr_male,0,0
0,3,female,39.0,1,5,31.275,S,0,7,0,Medium,Mrs,Adult,Unknown,None,6,4.4678571428571425,VeryHigh,Middle,117.0,3_female,3_S,3_VeryHigh,Mrs_female,1,0
0,3,female,2.0,0,1,10.4625,S,1,2,0,Small,Miss,Young,Unknown,None,6,5.23125,Mid,Child,6.0,3_female,3_S,3_Mid,Miss_female,1,0
0,2,male,30.0,0,0,10.5,S,0,1,1,Single,Mr,Adult,Unknown,WC,9,10.5,Mid,Adult,60.0,2_male,2_S,2_Mid,Mr_male,0,0
0,3,male,25.0,0,0,7.225,C,0,1,1,Single,Mr,Adult,Unknown,None,4,7.225,Low,Adult,75.0,3_male,3_C,3_Low,Mr_male,0,0
0,3,male,14.0,4,1,39.6875,S,0,6,0,Medium,Mr,Adult,Unknown,None,7,6.614583333333333,VeryHigh,Teen,42.0,3_male,3_S,3_VeryHigh,Mr_male,1,0
1,1,female,35.0,1,0,52.0,S,0,2,0,Small,Mrs,Adult,Unknown,None,6,26.0,VeryHigh,Adult,35.0,1_female,1_S,1_VeryHigh,Mrs_female,1,1
1,1,male,17.0,0,2,110.8833,C,1,3,0,Small,Mr,Adult,Unknown,None,5,36.9611,VeryHigh,Teen,17.0,1_male,1_C,1_VeryHigh,Mr_male,0,0
0,3,male,30.248197961760457,0,0,7.725,Q,0,1,1,Single,Mr,Adult,Unknown,None,5,7.725,Low,Adult,90.74459388528138,3_male,3_Q,3_Low,Mr_male,0,0
0,3,female,18.0,0,0,6.75,Q,0,1,1,Single,Miss,Young,Unknown,None,6,6.75,Low,Teen,54.0,3_female,3_Q,3_Low,Miss_female,1,0
1,3,female,23.0,0,0,7.55,S,0,1,1,Single,Miss,Young,Unknown,CA,8,7.55,Low,Adult,69.0,3_female,3_S,3_Low,Miss_female,1,0
0,3,male,50.0,0,0,8.05,S,0,1,1,Single,Mr,Adult,Unknown,A,8,8.05,Mid,Middle,150.0,3_male,3_S,3_Mid,Mr_male,0,0
1,1,female,21.0,2,2,262.375,C,1,5,0,Medium,Miss,Young,Unknown,PC,8,52.475,VeryHigh,Adult,21.0,1_female,1_C,1_VeryHigh,Miss_female,1,1
1,1,female,58.0,0,0,146.5208,C,1,1,1,Single,Miss,Young,Unknown,PC,8,146.5208,VeryHigh,Middle,58.0,1_female,1_C,1_VeryHigh,Miss_female,1,1
1,2,female,3.0,1,2,41.5792,C,0,4,0,Small,Miss,Young,Unknown,Other,13,10.3948,VeryHigh,Child,6.0,2_female,2_C,2_VeryHigh,Miss_female,1,0
1,2,female,13.0,0,1,19.5,S,0,2,0,Small,Miss,Young,Unknown,None,6,9.75,High,Teen,26.0,2_female,2_S,2_High,Miss_female,1,0
0,2,male,57.0,0,0,12.35,Q,0,1,1,Single,Rare,Varied,Unknown,None,6,12.35,Mid,Middle,114.0,2_male,2_Q,2_Mid,Rare_male,0,0
0,2,male,16.0,0,0,26.0,S,0,1,1,Single,Mr,Adult,Unknown,None,6,26.0,High,Teen,32.0,2_male,2_S,2_High,Mr_male,0,0
1,3,female,27.068492875180368,0,0,7.75,Q,0,1,1,Single,Miss,Young,Unknown,None,6,7.75,Low,Adult,81.2054786255411,3_female,3_Q,3_Low,Miss_female,1,0
0,2,male,60.0,1,1,39.0,S,0,3,0,Small,Mr,Adult,Unknown,None,5,13.0,VeryHigh,Middle,120.0,2_male,2_S,2_VeryHigh,Mr_male,0,0
0,1,male,22.0,0,0,135.6333,C,0,1,1,Single,Mr,Adult,Unknown,PC,8,135.6333,VeryHigh,Adult,22.0,1_male,1_C,1_VeryHigh,Mr_male,0,0
0,2,male,30.0,0,0,13.0,S,0,1,1,Single,Mr,Adult,Unknown,None,5,13.0,Mid,Adult,60.0,2_male,2_S,2_Mid,Mr_male,0,0
0,3,male,17.0,0,0,8.6625,S,0,1,1,Single,Mr,Adult,Unknown,None,6,8.6625,Mid,Teen,51.0,3_male,3_S,3_Mid,Mr_male,0,0
0,3,male,25.0,0,0,7.8958,S,0,1,1,Single,Mr,Adult,Unknown,None,6,7.8958,Low,Adult,75.0,3_male,3_S,3_Low,Mr_male,0,0
1,3,male,27.0,0,0,8.6625,S,0,1,1,Single,Mr,Adult,Unknown,None,6,8.6625,Mid,Adult,81.0,3_male,3_S,3_Mid,Mr_male,0,0
0,3,male,36.0,0,0,0.0,S,0,1,1,Single,Mr,Adult,Unknown,Other,4,0.0,Low,Middle,108.0,3_male,3_S,3_Low,Mr_male,0,0
0,3,female,19.619655724392562,0,0,8.05,S,0,1,1,Single,Mrs,Adult,Unknown,None,6,8.05,Mid,Adult,58.85896717317769,3_female,3_S,3_Mid,Mrs_female,1,0
1,3,female,15.003125,0,0,7.2292,C,0,1,1,Single,Mrs,Adult,Unknown,None,4,7.2292,Low,Teen,45.009375000000006,3_female,3_C,3_Low,Mrs_female,1,0
0,3,male,29.0,0,0,9.4833,S,0,1,1,Single,Mr,Adult,Unknown,None,4,9.4833,Mid,Adult,87.0,3_male,3_S,3_Mid,Mr_male,0,0
1,1,female,30.0,0,0,106.425,C,0,1,1,Single,Miss,Young,Unknown,PC,8,106.425,VeryHigh,Adult,30.0,1_female,1_C,1_VeryHigh,Miss_female,1,1
0,3,male,29.748183707398017,0,0,8.05,S,0,1,1,Single,Mr,Adult,Unknown,None,6,8.05,Mid,Adult,89.24455112219405,3_male,3_S,3_Mid,Mr_male,0,0
0,1,male,51.0,0,1,61.3792,C,0,2,0,Small,Mr,Adult,Unknown,PC,8,30.6896,VeryHigh,Middle,51.0,1_male,1_C,1_VeryHigh,Mr_male,0,0
1,3,female,16.0,0,0,7.7333,Q,0,1,1,Single,Miss,Young,Unknown,None,5,7.7333,Low,Teen,48.0,3_female,3_Q,3_Low,Miss_female,1,0
1,3,female,27.068492875180368,0,0,7.75,Q,0,1,1,Single,Miss,Young,Unknown,None,5,7.75,Low,Adult,81.2054786255411,3_female,3_Q,3_Low,Miss_female,1,0
1,3,female,1.0,0,2,15.7417,C,0,3,0,Small,Miss,Young,Unknown,None,4,5.247233333333333,High,Child,3.0,3_female,3_C,3_High,Miss_female,1,0
0,3,male,22.0,0,0,7.7958,S,0,1,1,Single,Mr,Adult,Unknown,None,6,7.7958,Low,Adult,66.0,3_male,3_S,3_Low,Mr_male,0,0
1,3,female,11.715988095238094,1,1,22.3583,C,1,3,0,Small,Miss,Young,Unknown,None,4,7.452766666666666,High,Child,35.14796428571428,3_female,3_C,3_High,Miss_female,1,0
0,3,male,7.0,4,1,29.125,Q,0,6,0,Medium,Master,Child,Unknown,None,6,4.854166666666667,High,Child,21.0,3_male,3_Q,3_High,Master_male,1,0
1,1,male,43.340833333333336,0,0,30.5,S,1,1,1,Single,Mr,Adult,Unknown,None,5,30.5,High,Middle,43.340833333333336,1_male,1_S,1_High,Mr_male,0,0
0,3,male,39.08720381701632,1,0,7.75,Q,0,2,0,Small,Mr,Adult,Unknown,None,6,3.875,Low,Middle,117.26161145104895,3_male,3_Q,3_Low,Mr_male,0,0
1,1,female,33.0,1,0,53.1,S,1,2,0,Small,Mrs,Adult,Unknown,None,6,26.55,VeryHigh,Adult,33.0,1_female,1_S,1_VeryHigh,Mrs_female,1,1
0,3,male,7.0,4,1,39.6875,S,0,6,0,Medium,Master,Child,Unknown,None,7,6.614583333333333,VeryHigh,Child,21.0,3_male,3_S,3_VeryHigh,Master_male,1,0
0,3,male,32.0,0,0,7.75,Q,0,1,1,Single,Mr,Adult,Unknown,None,6,7.75,Low,Adult,96.0,3_male,3_Q,3_Low,Mr_male,0,0
0,2,male,50.0,0,0,13.0,S,0,1,1,Single,Mr,Adult,Unknown,None,6,13.0,Mid,Middle,100.0,2_male,2_S,2_Mid,Mr_male,0,0
0,2,male,59.0,0,0,13.5,S,0,1,1,Single,Mr,Adult,Unknown,None,6,13.5,Mid,Middle,118.0,2_male,2_S,2_Mid,Mr_male,0,0
0,1,male,28.0,1,0,82.1708,C,0,2,0,Small,Mr,Adult,Unknown,PC,8,41.0854,VeryHigh,Adult,28.0,1_male,1_C,1_VeryHigh,Mr_male,0,0
0,3,male,29.748183707398017,0,0,8.05,S,0,1,1,Single,Mr,Adult,Unknown,Other,15,8.05,Mid,Adult,89.24455112219405,3_male,3_S,3_Mid,Mr_male,0,0
0,1,male,60.0,0,0,26.55,S,0,1,1,Single,Rare,Varied,Unknown,None,6,26.55,High,Middle,60.0,1_male,1_S,1_High,Rare_male,0,0
0,3,female,17.0,0,0,14.4583,C,0,1,1,Single,Miss,Young,Unknown,None,4,14.4583,High,Teen,51.0,3_female,3_C,3_High,Miss_female,1,0
0,2,male,32.5,1,0,30.0708,C,0,2,0,Small,Mr,Adult,Unknown,None,6,15.0354,High,Adult,65.0,2_male,2_C,2_High,Mr_male,0,0
1,1,female,21.0,0,0,77.9583,S,1,1,1,Single,Miss,Young,Unknown,None,5,77.9583,VeryHigh,Adult,21.0,1_female,1_S,1_VeryHigh,Miss_female,1,1
1,3,male,3.0,4,2,31.3875,S,0,7,0,Medium,Master,Child,Unknown,None,6,4.483928571428572,VeryHigh,Child,9.0,3_male,3_S,3_VeryHigh,Master_male,1,0
0,2,male,19.0,0,0,10.5,S,0,1,1,Single,Mr,Adult,Unknown,None,5,10.5,Mid,Adult,38.0,2_male,2_S,2_Mid,Mr_male,0,0
1,2,female,24.0,2,3,18.75,S,0,6,0,Medium,Mrs,Adult,Unknown,None,5,3.125,High,Adult,48.0,2_female,2_S,2_High,Mrs_female,1,0
1,1,female,18.0,0,2,79.65,S,1,3,0,Small,Miss,Young,Unknown,None,6,26.55,VeryHigh,Teen,18.0,1_female,1_S,1_VeryHigh,Miss_female,1,1
1,1,female,49.0,0,0,25.9292,S,1,1,1,Single,Rare,Varied,Unknown,None,5,25.9292,High,Middle,49.0,1_female,1_S,1_High,Rare_female,1,1
0,3,female,41.0,0,2,20.2125,S,0,3,0,Small,Mrs,Adult,Unknown,None,6,6.7375,High,Middle,123.0,3_female,3_S,3_High,Mrs_female,1,0
1,3,male,30.0,0,0,9.5,S,0,1,1,Single,Mr,Adult,Unknown,None,6,9.5,Mid,Adult,90.0,3_male,3_S,3_Mid,Mr_male,0,0
0,3,male,59.0,0,0,7.25,S,0,1,1,Single,Mr,Adult,Unknown,None,6,7.25,Low,Middle,177.0,3_male,3_S,3_Low,Mr_male,0,0
1,3,female,4.0,0,1,13.4167,C,0,2,0,Small,Miss,Young,Unknown,None,6,6.70835,Mid,Child,12.0,3_female,3_C,3_Mid,Miss_female,1,0
0,3,female,24.730999999999998,0,2,15.2458,C,0,3,0,Small,Mrs,Adult,Unknown,None,4,5.081933333333333,High,Adult,74.193,3_female,3_C,3_High,Mrs_female,1,0
0,3,male,51.0,0,0,7.75,S,0,1,1,Single,Mr,Adult,Unknown,None,6,7.75,Low,Middle,153.0,3_male,3_S,3_Low,Mr_male,0,0
1,2,female,45.0,1,1,26.25,S,0,3,0,Small,Mrs,Adult,Unknown,Other,12,8.75,High,Middle,90.0,2_female,2_S,2_High,Mrs_female,1,0
0,3,male,18.0,1,1,20.2125,S,0,3,0,Small,Mr,Adult,Unknown,None,6,6.7375,High,Teen,54.0,3_male,3_S,3_High,Mr_male,0,0
0,3,female,14.201456349206353,8,2,69.55,S,0,11,0,Large,Miss,Young,Unknown,CA,8,6.322727272727272,VeryHigh,Teen,42.60436904761906,3_female,3_S,3_VeryHigh,Miss_female,1,0
1,3,female,31.706583333333334,1,0,15.5,Q,0,2,0,Small,Miss,Young,Unknown,None,6,7.75,High,Adult,95.11975000000001,3_female,3_Q,3_High,Miss_female,1,0
0,2,male,28.0,0,1,33.0,S,0,2,0,Small,Rare,Varied,Unknown,None,6,16.5,VeryHigh,Adult,56.0,2_male,2_S,2_VeryHigh,Rare_male,0,0
0,3,male,55.5,0,0,8.05,S,0,1,1,Single,Mr,Adult,Unknown,A,10,8.05,Mid,Middle,166.5,3_male,3_S,3_Mid,Mr_male,0,0
0,1,male,24.0,0,1,247.5208,C,1,2,0,Small,Mr,Adult,Unknown,PC,8,123.7604,VeryHigh,Adult,24.0,1_male,1_C,1_VeryHigh,Mr_male,0,0
0,1,male,40.50378030303031,0,0,0.0,S,0,1,1,Single,Mr,Adult,Unknown,None,6,0.0,Low,Middle,40.50378030303031,1_male,1_S,1_Low,Mr_male,0,0
1,3,female,27.920833333333334,1,0,16.1,S,0,2,0,Small,Mrs,Adult,Unknown,None,6,8.05,High,Adult,83.7625,3_female,3_S,3_High,Mrs_female,1,0
0,3,male,17.260699999999996,1,2,23.45,S,0,4,0,Small,Mr,Adult,Unknown,WC,10,5.8625,High,Teen,51.782099999999986,3_male,3_S,3_High,Mr_male,0,0
0,3,male,13.598253968253976,8,2,69.55,S,0,11,0,Large,Master,Child,Unknown,CA,8,6.322727272727272,VeryHigh,Teen,40.79476190476193,3_male,3_S,3_VeryHigh,Master_male,1,0
1,2,female,29.0,1,0,26.0,S,0,2,0,Small,Mrs,Adult,Unknown,None,6,13.0,High,Adult,58.0,2_female,2_S,2_High,Mrs_female,1,0
1,1,female,58.0,0,1,153.4625,S,1,2,0,Small,Mrs,Adult,Unknown,PC,8,76.73125,VeryHigh,Middle,58.0,1_female,1_S,1_VeryHigh,Mrs_female,1,1
1,3,female,26.0,0,0,7.925,S,0,1,1,Single,Miss,Young,Unknown,Other,16,7.925,Mid,Adult,78.0,3_female,3_S,3_Mid,Miss_female,1,0
1,1,female,44.0,0,1,57.9792,C,1,2,0,Small,Mrs,Adult,Unknown,None,6,28.9896,VeryHigh,Middle,44.0,1_female,1_C,1_VeryHigh,Mrs_female,1,1
0,3,male,35.663032738095225,0,0,7.225,C,0,1,1,Single,Mr,Adult,Unknown,None,4,7.225,Low,Middle,106.98909821428568,3_male,3_C,3_Low,Mr_male,0,0
0,3,male,32.0,0,0,8.3625,S,0,1,1,Single,Mr,Adult,Unknown,None,4,8.3625,Mid,Adult,96.0,3_male,3_S,3_Mid,Mr_male,0,0
0,2,male,26.0,0,0,10.5,S,0,1,1,Single,Mr,Adult,Unknown,None,5,10.5,Mid,Adult,52.0,2_male,2_S,2_Mid,Mr_male,0,0
0,3,male,16.0,0,0,8.05,S,0,1,1,Single,Mr,Adult,Unknown,A,10,8.05,Mid,Teen,48.0,3_male,3_S,3_Mid,Mr_male,0,0
0,3,male,19.0,0,0,7.775,S,0,1,1,Single,Mr,Adult,Unknown,None,6,7.775,Low,Adult,57.0,3_male,3_S,3_Low,Mr_male,0,0
0,3,male,28.08613077322936,0,0,7.8958,S,0,1,1,Single,Mr,Adult,Unknown,None,6,7.8958,Low,Adult,84.25839231968808,3_male,3_S,3_Low,Mr_male,0,0
0,3,male,48.0,0,0,7.8542,S,0,1,1,Single,Mr,Adult,Unknown,None,6,7.8542,Low,Middle,144.0,3_male,3_S,3_Low,Mr_male,0,0
0,3,male,47.23933016983016,0,0,7.75,Q,0,1,1,Single,Mr,Adult,Unknown,None,6,7.75,Low,Middle,141.71799050949048,3_male,3_Q,3_Low,Mr_male,0,0
0,3,male,9.0,5,2,46.9,S,0,8,0,Large,Master,Child,Unknown,CA,7,5.8625,VeryHigh,Child,27.0,3_male,3_S,3_VeryHigh,Master_male,1,0
1,1,female,35.0,1,0,83.475,S,1,2,0,Small,Mrs,Adult,Unknown,None,5,41.7375,VeryHigh,Adult,35.0,1_female,1_S,1_VeryHigh,Mrs_female,1,1
1,3,male,12.0,1,0,11.2417,C,0,2,0,Small,Master,Child,Unknown,None,4,5.62085,Mid,Child,36.0,3_male,3_C,3_Mid,Master_male,1,0
0,3,female,31.0,0,0,7.8542,S,0,1,1,Single,Miss,Young,Unknown,None,6,7.8542,Low,Adult,93.0,3_female,3_S,3_Low,Miss_female,1,0
1,2,female,27.0,1,0,13.8583,C,0,2,0,Small,Miss,Young,Unknown,SCPARIS,13,6.92915,Mid,Adult,54.0,2_female,2_C,2_Mid,Miss_female,1,0
1,1,female,43.0,0,1,211.3375,S,1,2,0,Small,Mrs,Adult,Unknown,None,5,105.66875,VeryHigh,Middle,43.0,1_female,1_S,1_VeryHigh,Mrs_female,1,1
0,3,female,30.5,0,0,7.75,Q,0,1,1,Single,Miss,Young,Unknown,None,6,7.75,Low,Adult,91.5,3_female,3_Q,3_Low,Miss_female,1,0
0,3,male,34.0,0,0,8.05,S,0,1,1,Single,Mr,Adult,Unknown,None,6,8.05,Mid,Adult,102.0,3_male,3_S,3_Mid,Mr_male,0,0
0,2,male,35.057760836171056,0,0,0.0,S,0,1,1,Single,Mr,Adult,Unknown,None,6,0.0,Low,Middle,70.11552167234211,2_male,2_S,2_Low,Mr_male,0,0
0,2,male,23.0,0,0,13.0,S,0,1,1,Single,Mr,Adult,Unknown,None,6,13.0,Mid,Adult,46.0,2_male,2_S,2_Mid,Mr_male,0,0
1,3,female,24.0,0,2,16.7,S,1,3,0,Small,Mrs,Adult,Unknown,Other,7,5.566666666666666,High,Adult,72.0,3_female,3_S,3_High,Mrs_female,1,0
0,2,male,39.0,0,0,26.0,S,0,1,1,Single,Mr,Adult,Unknown,None,6,26.0,High,Middle,78.0,2_male,2_S,2_High,Mr_male,0,0
1,2,female,24.0,0,0,13.0,S,1,1,1,Single,Miss,Young,Unknown,None,6,13.0,Mid,Adult,48.0,2_female,2_S,2_Mid,Miss_female,1,0
0,3,male,29.2502846042846,0,0,7.8292,Q,0,1,1,Single,Mr,Adult,Unknown,None,6,7.8292,Low,Adult,87.7508538128538,3_male,3_Q,3_Low,Mr_male,0,0
1,3,female,0.75,2,1,19.2583,C,0,4,0,Small,Miss,Young,Unknown,None,4,4.814575,High,Child,2.25,3_female,3_C,3_High,Miss_female,1,0
0,2,male,34.0,0,0,13.0,S,0,1,1,Single,Mr,Adult,Unknown,None,5,13.0,Mid,Adult,68.0,2_male,2_S,2_Mid,Mr_male,0,0
0,3,male,23.0,0,0,9.225,S,0,1,1,Single,Mr,Adult,Unknown,None,4,9.225,Mid,Adult,69.0,3_male,3_S,3_Mid,Mr_male,0,0
1,2,female,42.0,1,0,26.0,S,0,2,0,Small,Mrs,Adult,Unknown,Other,10,13.0,High,Middle,84.0,2_female,2_S,2_High,Mrs_female,1,0
0,3,male,23.49003162393163,0,0,8.4583,Q,0,1,1,Single,Mr,Adult,Unknown,None,6,8.4583,Mid,Adult,70.47009487179488,3_male,3_Q,3_Mid,Mr_male,0,0
0,3,male,22.0,0,0,8.05,S,0,1,1,Single,Mr,Adult,Unknown,None,5,8.05,Mid,Adult,66.0,3_male,3_S,3_Mid,Mr_male,0,0
1,2,male,0.83,0,2,29.0,S,0,3,0,Small,Master,Child,Unknown,None,6,9.666666666666666,High,Child,1.66,2_male,2_S,2_High,Master_male,1,0
0,3,female,21.61171428571429,0,0,7.55,S,0,1,1,Single,Miss,Young,Unknown,WC,10,7.55,Low,Adult,64.83514285714287,3_female,3_S,3_Low,Miss_female,1,0
0,2,male,52.0,0,0,13.5,S,0,1,1,Single,Mr,Adult,Unknown,None,6,13.5,Mid,Middle,104.0,2_male,2_S,2_Mid,Mr_male,0,0
0,3,male,17.0,1,0,7.0542,S,0,2,0,Small,Mr,Adult,Unknown,None,6,3.5271,Low,Teen,51.0,3_male,3_S,3_Low,Mr_male,0,0
1,1,male,49.0,1,0,89.1042,C,1,2,0,Small,Mr,Adult,Unknown,None,5,44.5521,VeryHigh,Middle,49.0,1_male,1_C,1_VeryHigh,Mr_male,0,0
1,3,male,44.0,0,0,7.925,S,0,1,1,Single,Mr,Adult,Unknown,STONO ,17,7.925,Mid,Middle,132.0,3_male,3_S,3_Mid,Mr_male,0,0
1,3,male,6.0,0,1,12.475,S,1,2,0,Small,Master,Child,Unknown,None,6,6.2375,Mid,Child,18.0,3_male,3_S,3_Mid,Master_male,1,0
0,1,male,64.0,0,0,26.0,S,0,1,1,Single,Mr,Adult,Unknown,None,3,26.0,High,Senior,64.0,1_male,1_S,1_High,Mr_male,0,0
0,3,female,18.0,0,0,7.775,S,0,1,1,Single,Miss,Young,Unknown,None,6,7.775,Low,Teen,54.0,3_female,3_S,3_Low,Miss_female,1,0
0,3,male,19.0,0,0,14.5,S,0,1,1,Single,Mr,Adult,Unknown,None,6,14.5,High,Adult,57.0,3_male,3_S,3_High,Mr_male,0,0
0,3,male,26.0,1,2,20.575,S,0,4,0,Small,Mr,Adult,Unknown,CA,9,5.14375,High,Adult,78.0,3_male,3_S,3_High,Mr_male,0,0
0,2,male,43.0,1,1,26.25,S,0,3,0,Small,Mr,Adult,Unknown,Other,12,8.75,High,Middle,86.0,2_male,2_S,2_High,Mr_male,0,0
0,3,male,33.799166666666665,0,0,24.15,Q,0,1,1,Single,Mr,Adult,Unknown,None,6,24.15,High,Adult,101.3975,3_male,3_Q,3_High,Mr_male,0,0
0,3,female,23.0,0,0,7.925,S,0,1,1,Single,Miss,Young,Unknown,Other,16,7.925,Mid,Adult,69.0,3_female,3_S,3_Mid,Miss_female,1,0
0,3,male,16.0,4,1,39.6875,S,0,6,0,Medium,Mr,Adult,Unknown,None,7,6.614583333333333,VeryHigh,Teen,48.0,3_male,3_S,3_VeryHigh,Mr_male,0,0
1,1,female,36.0,0,2,71.0,S,1,3,0,Small,Miss,Young,Unknown,Other,9,23.666666666666668,VeryHigh,Middle,36.0,1_female,1_S,1_VeryHigh,Miss_female,1,1
1,1,female,22.0,0,1,55.0,S,1,2,0,Small,Miss,Young,Unknown,None,6,27.5,VeryHigh,Adult,22.0,1_female,1_S,1_VeryHigh,Miss_female,1,1
0,3,male,19.0,0,0,7.8958,S,0,1,1,Single,Mr,Adult,Unknown,None,6,7.8958,Low,Adult,57.0,3_male,3_S,3_Low,Mr_male,0,0
1,3,female,21.89530952380952,0,0,7.8792,Q,0,1,1,Single,Miss,Young,Unknown,None,6,7.8792,Low,Adult,65.68592857142856,3_female,3_Q,3_Low,Miss_female,1,0
0,3,male,47.0,0,0,9.0,S,0,1,1,Single,Mr,Adult,Unknown,None,6,9.0,Mid,Middle,141.0,3_male,3_S,3_Mid,Mr_male,0,0
1,2,female,40.0,0,0,15.75,S,0,1,1,Single,Mrs,Adult,Unknown,CA,10,15.75,High,Middle,80.0,2_female,2_S,2_High,Mrs_female,1,0
0,3,female,20.0,1,0,9.825,S,0,2,0,Small,Miss,Young,Unknown,None,4,4.9125,Mid,Adult,60.0,3_female,3_S,3_Mid,Miss_female,1,0
1,2,female,36.0,1,0,26.0,S,0,2,0,Small,Mrs,Adult,Unknown,None,6,13.0,High,Middle,72.0,2_female,2_S,2_High,Mrs_female,1,0
0,3,male,18.0,1,1,7.8542,S,0,3,0,Small,Mr,Adult,Unknown,None,6,2.6180666666666665,Low,Teen,54.0,3_male,3_S,3_Low,Mr_male,0,0
0,2,male,18.0,0,0,11.5,S,0,1,1,Single,Mr,Adult,Unknown,None,5,11.5,Mid,Teen,36.0,2_male,2_S,2_Mid,Mr_male,0,0
1,3,male,32.0,0,0,56.4958,S,0,1,1,Single,Mr,Adult,Unknown,None,4,56.4958,VeryHigh,Adult,96.0,3_male,3_S,3_VeryHigh,Mr_male,0,0
0,3,male,33.0,0,0,7.8958,C,0,1,1,Single,Mr,Adult,Unknown,None,6,7.8958,Low,Adult,99.0,3_male,3_C,3_Low,Mr_male,0,0
1,1,male,35.0,0,0,26.55,C,0,1,1,Single,Mr,Adult,Unknown,None,6,26.55,High,Adult,35.0,1_male,1_C,1_High,Mr_male,0,0
0,1,male,64.0,1,4,263.0,S,1,6,0,Medium,Mr,Adult,Unknown,None,5,43.833333333333336,VeryHigh,Senior,64.0,1_male,1_S,1_VeryHigh,Mr_male,0,0
0,1,male,52.0,1,1,79.65,S,1,3,0,Small,Mr,Adult,Unknown,None,6,26.55,VeryHigh,Middle,52.0,1_male,1_S,1_VeryHigh,Mr_male,0,0
1,3,female,24.0,0,3,19.2583,C,0,4,0,Small,Mrs,Adult,Unknown,None,4,4.814575,High,Adult,72.0,3_female,3_C,3_High,Mrs_female,1,0
0,3,male,61.0,0,0,6.2375,S,0,1,1,Single,Mr,Adult,Unknown,None,6,6.2375,Low,Senior,183.0,3_male,3_S,3_Low,Mr_male,0,0
0,2,male,24.0,0,0,10.5,S,0,1,1,Single,Mr,Adult,Unknown,CA,10,10.5,Mid,Adult,48.0,2_male,2_S,2_Mid,Mr_male,0,0
0,3,male,43.0,0,0,8.05,S,0,1,1,Single,Mr,Adult,Unknown,A,8,8.05,Mid,Middle,129.0,3_male,3_S,3_Mid,Mr_male,0,0
1,2,female,34.0,0,0,10.5,S,1,1,1,Single,Mrs,Adult,Unknown,CA,10,10.5,Mid,Adult,68.0,2_female,2_S,2_Mid,Mrs_female,1,0
1,3,female,63.0,0,0,9.5875,S,0,1,1,Single,Mrs,Adult,Unknown,None,4,9.5875,Mid,Senior,189.0,3_female,3_S,3_Mid,Mrs_female,1,0
1,1,female,24.0,0,0,69.3,C,1,1,1,Single,Miss,Young,Unknown,PC,8,69.3,VeryHigh,Adult,24.0,1_female,1_C,1_VeryHigh,Miss_female,1,1
1,1,female,38.0,1,0,71.2833,C,1,2,0,Small,Mrs,Adult,Unknown,PC,8,35.64165,VeryHigh,Middle,38.0,1_female,1_C,1_VeryHigh,Mrs_female,1,1
0,3,male,21.0,0,0,7.25,S,0,1,1,Single,Mr,Adult,Unknown,SOTONOQ,16,7.25,Low,Adult,63.0,3_male,3_S,3_Low,Mr_male,0,0
1,1,female,45.0,1,1,164.8667,S,0,3,0,Small,Mrs,Adult,Unknown,None,5,54.95556666666667,VeryHigh,Middle,45.0,1_female,1_S,1_VeryHigh,Mrs_female,1,1
0,3,male,16.0,1,3,34.375,S,0,5,0,Medium,Mr,Adult,Unknown,WC,10,6.875,VeryHigh,Teen,48.0,3_male,3_S,3_VeryHigh,Mr_male,0,0
1,3,male,20.0,1,0,7.925,S,0,2,0,Small,Mr,Adult,Unknown,STONO ,17,3.9625,Mid,Adult,60.0,3_male,3_S,3_Mid,Mr_male,0,0
0,2,male,32.65033333333333,0,0,15.05,C,0,1,1,Single,Mr,Adult,Unknown,SCPARIS,13,15.05,High,Adult,65.30066666666666,2_male,2_C,2_High,Mr_male,0,0
0,3,female,41.0,0,5,39.6875,S,0,6,0,Medium,Mrs,Adult,Unknown,None,7,6.614583333333333,VeryHigh,Middle,123.0,3_female,3_S,3_VeryHigh,Mrs_female,1,0
0,2,male,30.0,0,0,13.0,S,0,1,1,Single,Mr,Adult,Unknown,None,6,13.0,Mid,Adult,60.0,2_male,2_S,2_Mid,Mr_male,0,0
0,3,male,29.0,0,0,8.05,S,0,1,1,Single,Mr,Adult,Unknown,None,6,8.05,Mid,Adult,87.0,3_male,3_S,3_Mid,Mr_male,0,0
0,3,female,3.0,3,1,21.075,S,0,5,0,Medium,Miss,Young,Unknown,None,6,4.215,High,Child,9.0,3_female,3_S,3_High,Miss_female,1,0
1,2,male,3.0,1,1,26.0,S,1,3,0,Small,Master,Child,Unknown,None,6,8.666666666666666,High,Child,6.0,2_male,2_S,2_High,Master_male,1,0
0,2,male,54.0,1,0,26.0,S,0,2,0,Small,Rare,Varied,Unknown,None,6,13.0,High,Middle,108.0,2_male,2_S,2_High,Rare_male,0,0
0,3,male,28.0,2,0,7.925,S,0,3,0,Small,Mr,Adult,Unknown,None,7,2.6416666666666666,Mid,Adult,84.0,3_male,3_S,3_Mid,Mr_male,0,0
0,3,male,36.0,0,0,7.4958,S,0,1,1,Single,Mr,Adult,Unknown,None,6,7.4958,Low,Middle,108.0,3_male,3_S,3_Low,Mr_male,0,0
1,1,male,48.0,0,0,26.55,S,1,1,1,Single,Mr,Adult,Unknown,None,5,26.55,High,Middle,48.0,1_male,1_S,1_High,Mr_male,0,0
1,3,female,31.0,0,0,8.6833,S,0,1,1,Single,Mrs,Adult,Unknown,None,6,8.6833,Mid,Adult,93.0,3_female,3_S,3_Mid,Mrs_female,1,0
0,3,male,26.0,0,0,7.8958,S,0,1,1,Single,Mr,Adult,Unknown,None,6,7.8958,Low,Adult,78.0,3_male,3_S,3_Low,Mr_male,0,0
0,3,male,6.655875000000001,3,1,25.4667,S,0,5,0,Medium,Master,Child,Unknown,None,4,5.0933399999999995,High,Child,19.967625,3_male,3_S,3_High,Master_male,1,0
1,3,male,0.42,0,1,8.5167,C,0,2,0,Small,Master,Child,Unknown,None,4,4.25835,Mid,Child,1.26,3_male,3_C,3_Mid,Master_male,1,0
0,3,female,25.0,0,0,7.775,S,0,1,1,Single,Miss,Young,Unknown,None,6,7.775,Low,Adult,75.0,3_female,3_S,3_Low,Miss_female,1,0
0,1,male,45.375,0,0,52.0,S,1,1,1,Single,Mr,Adult,Unknown,None,6,52.0,VeryHigh,Middle,45.375,1_male,1_S,1_VeryHigh,Mr_male,0,0
0,3,male,38.0,0,0,8.6625,S,0,1,1,Single,Mr,Adult,Unknown,None,6,8.6625,Mid,Middle,114.0,3_male,3_S,3_Mid,Mr_male,0,0
0,3,male,29.748183707398017,0,0,8.05,S,0,1,1,Single,Mr,Adult,Unknown,A,9,8.05,Mid,Adult,89.24455112219405,3_male,3_S,3_Mid,Mr_male,0,0
1,3,male,24.919700000000002,1,1,15.2458,C,0,3,0,Small,Master,Child,Unknown,None,4,5.081933333333333,High,Adult,74.7591,3_male,3_C,3_High,Master_male,0,0
0,3,male,15.0,1,1,7.2292,C,0,3,0,Small,Mr,Adult,Unknown,None,4,2.409733333333333,Low,Teen,45.0,3_male,3_C,3_Low,Mr_male,1,0
0,2,male,35.0,0,0,26.0,S,0,1,1,Single,Mr,Adult,Unknown,None,6,26.0,High,Adult,70.0,2_male,2_S,2_High,Mr_male,0,0
0,3,male,32.323532994782994,0,0,7.775,S,0,1,1,Single,Mr,Adult,Unknown,None,6,7.775,Low,Adult,96.97059898434898,3_male,3_S,3_Low,Mr_male,0,0
0,1,male,24.0,0,0,79.2,C,1,1,1,Single,Mr,Adult,Unknown,PC,8,79.2,VeryHigh,Adult,24.0,1_male,1_C,1_VeryHigh,Mr_male,0,0
0,1,male,36.0,0,0,40.125,C,1,1,1,Single,Mr,Adult,Unknown,None,5,40.125,VeryHigh,Middle,36.0,1_male,1_C,1_VeryHigh,Mr_male,0,0
1,3,female,22.0,0,0,7.775,S,0,1,1,Single,Miss,Young,Unknown,None,6,7.775,Low,Adult,66.0,3_female,3_S,3_Low,Miss_female,1,0
1,1,male,50.0,2,0,133.65,S,0,3,0,Small,Rare,Varied,Unknown,PC,8,44.550000000000004,VeryHigh,Middle,50.0,1_male,1_S,1_VeryHigh,Rare_male,0,0
0,3,male,47.23933016983016,0,0,7.75,Q,0,1,1,Single,Mr,Adult,Unknown,None,6,7.75,Low,Middle,141.71799050949048,3_male,3_Q,3_Low,Mr_male,0,0
0,3,male,45.5,0,0,7.225,C,0,1,1,Single,Mr,Adult,Unknown,None,4,7.225,Low,Middle,136.5,3_male,3_C,3_Low,Mr_male,0,0
0,3,male,33.0,0,0,7.775,S,0,1,1,Single,Mr,Adult,Unknown,None,6,7.775,Low,Adult,99.0,3_male,3_S,3_Low,Mr_male,0,0
0,3,male,19.0,0,0,7.8958,S,0,1,1,Single,Mr,Adult,Unknown,None,6,7.8958,Low,Adult,57.0,3_male,3_S,3_Low,Mr_male,0,0
0,2,male,18.0,0,0,13.0,S,0,1,1,Single,Mr,Adult,Unknown,None,6,13.0,Mid,Teen,36.0,2_male,2_S,2_Mid,Mr_male,0,0
1,3,female,16.0,0,0,7.75,Q,0,1,1,Single,Miss,Young,Unknown,None,6,7.75,Low,Teen,48.0,3_female,3_Q,3_Low,Miss_female,1,0
1,1,male,46.653571428571425,0,0,30.0,S,1,1,1,Single,Mr,Adult,Unknown,None,5,30.0,High,Middle,46.653571428571425,1_male,1_S,1_High,Mr_male,0,0
1,1,male,53.26489285714287,0,0,29.7,C,1,1,1,Single,Mr,Adult,Unknown,None,5,29.7,High,Middle,53.26489285714287,1_male,1_C,1_High,Mr_male,0,0
1,1,male,48.0,1,0,76.7292,C,1,2,0,Small,Mr,Adult,Unknown,PC,8,38.3646,VeryHigh,Middle,48.0,1_male,1_C,1_VeryHigh,Mr_male,0,0
0,3,male,22.0,0,0,7.8958,S,0,1,1,Single,Mr,Adult,Unknown,None,6,7.8958,Low,Adult,66.0,3_male,3_S,3_Low,Mr_male,0,0
0,1,male,29.0,0,0,30.0,S,1,1,1,Single,Mr,Adult,Unknown,None,6,30.0,High,Adult,29.0,1_male,1_S,1_High,Mr_male,0,0
0,1,male,55.53436904761906,0,0,25.925,S,0,1,1,Single,Mr,Adult,Unknown,PC,8,25.925,High,Middle,55.53436904761906,1_male,1_S,1_High,Mr_male,0,0
0,1,male,38.0,0,1,153.4625,S,1,2,0,Small,Mr,Adult,Unknown,PC,8,76.73125,VeryHigh,Middle,38.0,1_male,1_S,1_VeryHigh,Mr_male,0,0
0,3,male,44.0,0,0,8.05,S,0,1,1,Single,Mr,Adult,Unknown,None,6,8.05,Mid,Middle,132.0,3_male,3_S,3_Mid,Mr_male,0,0
1,2,male,3.0,1,1,18.75,S,0,3,0,Small,Master,Child,Unknown,None,5,6.25,High,Child,6.0,2_male,2_S,2_High,Master_male,1,0
1,1,female,18.0,1,0,227.525,C,1,2,0,Small,Mrs,Adult,Unknown,PC,8,113.7625,VeryHigh,Teen,18.0,1_female,1_C,1_VeryHigh,Mrs_female,1,1
0,1,male,18.0,1,0,108.9,C,1,2,0,Small,Mr,Adult,Unknown,PC,8,54.45,VeryHigh,Teen,18.0,1_male,1_C,1_VeryHigh,Mr_male,0,0
0,3,male,34.30214285714286,1,0,24.15,Q,0,2,0,Small,Mr,Adult,Unknown,None,6,12.075,High,Adult,102.90642857142859,3_male,3_Q,3_High,Mr_male,0,0
0,3,male,2.0,3,1,21.075,S,0,5,0,Medium,Master,Child,Unknown,None,6,4.215,High,Child,6.0,3_male,3_S,3_High,Master_male,1,0
1,1,male,35.0,0,0,512.3292,C,1,1,1,Single,Mr,Adult,Unknown,PC,8,512.3292,VeryHigh,Adult,35.0,1_male,1_C,1_VeryHigh,Mr_male,0,0
0,3,male,74.0,0,0,7.775,S,0,1,1,Single,Mr,Adult,Unknown,None,6,7.775,Low,Senior,222.0,3_male,3_S,3_Low,Mr_male,0,0
1,2,male,31.0,0,0,13.0,S,0,1,1,Single,Mr,Adult,Unknown,None,6,13.0,Mid,Adult,62.0,2_male,2_S,2_Mid,Mr_male,0,0
0,3,male,28.5,0,0,16.1,S,0,1,1,Single,Mr,Adult,Unknown,None,5,16.1,High,Adult,85.5,3_male,3_S,3_High,Mr_male,0,0
0,1,male,56.0,0,0,30.6958,C,1,1,1,Single,Mr,Adult,Unknown,None,5,30.6958,High,Middle,56.0,1_male,1_C,1_High,Mr_male,0,0
0,3,male,26.0,1,0,7.8542,S,0,2,0,Small,Mr,Adult,Unknown,None,6,3.9271,Low,Adult,78.0,3_male,3_S,3_Low,Mr_male,0,0
1,3,male,32.0,0,0,7.8542,S,0,1,1,Single,Mr,Adult,Unknown,None,6,7.8542,Low,Adult,96.0,3_male,3_S,3_Low,Mr_male,0,0
1,3,male,25.252799873737366,0,0,7.2292,C,0,1,1,Single,Mr,Adult,Unknown,None,4,7.2292,Low,Adult,75.7583996212121,3_male,3_C,3_Low,Mr_male,0,0
1,1,male,40.0,0,0,31.0,C,1,1,1,Single,Mr,Adult,Unknown,None,6,31.0,High,Middle,40.0,1_male,1_C,1_High,Mr_male,0,0
1,1,male,27.0,0,0,76.7292,C,1,1,1,Single,Mr,Adult,Unknown,PC,8,76.7292,VeryHigh,Adult,27.0,1_male,1_C,1_VeryHigh,Mr_male,0,0
0,3,male,29.19242857142857,0,0,15.5,Q,0,1,1,Single,Mr,Adult,Unknown,None,5,15.5,High,Adult,87.57728571428572,3_male,3_Q,3_High,Mr_male,0,0
0,3,male,38.0,0,0,7.8958,S,0,1,1,Single,Mr,Adult,Unknown,None,6,7.8958,Low,Middle,114.0,3_male,3_S,3_Low,Mr_male,0,0
0,3,male,1.0,4,1,39.6875,S,0,6,0,Medium,Master,Child,Unknown,None,7,6.614583333333333,VeryHigh,Child,3.0,3_male,3_S,3_VeryHigh,Master_male,1,0
0,2,male,35.057760836171056,0,0,0.0,S,0,1,1,Single,Mr,Adult,Unknown,None,6,0.0,Low,Middle,70.11552167234211,2_male,2_S,2_Low,Mr_male,0,0
0,3,male,30.248197961760457,0,0,7.7292,Q,0,1,1,Single,Mr,Adult,Unknown,None,6,7.7292,Low,Adult,90.74459388528138,3_male,3_Q,3_Low,Mr_male,0,0
1,2,male,0.67,1,1,14.5,S,0,3,0,Small,Master,Child,Unknown,None,6,4.833333333333333,High,Child,1.34,2_male,2_S,2_High,Master_male,1,0
0,3,male,33.99775,1,0,15.5,Q,0,2,0,Small,Mr,Adult,Unknown,None,6,7.75,High,Adult,101.99325000000002,3_male,3_Q,3_High,Mr_male,0,0
1,3,female,2.0,0,1,12.2875,S,0,2,0,Small,Miss,Young,Unknown,None,7,6.14375,Mid,Child,6.0,3_female,3_S,3_Mid,Miss_female,1,0
1,3,female,18.0,0,0,9.8417,S,0,1,1,Single,Miss,Young,Unknown,None,4,9.8417,Mid,Teen,54.0,3_female,3_S,3_Mid,Miss_female,1,0
1,1,female,51.0,1,0,77.9583,S,1,2,0,Small,Mrs,Adult,Unknown,None,5,38.97915,VeryHigh,Middle,51.0,1_female,1_S,1_VeryHigh,Mrs_female,1,1
0,2,male,29.0,1,0,27.7208,C,0,2,0,Small,Mr,Adult,Unknown,SCPARIS,13,13.8604,High,Adult,58.0,2_male,2_C,2_High,Mr_male,0,0
0,3,male,49.0,0,0,0.0,S,0,1,1,Single,Mr,Adult,Unknown,Other,4,0.0,Low,Middle,147.0,3_male,3_S,3_Low,Mr_male,0,0
0,3,male,24.0,0,0,9.5,S,0,1,1,Single,Mr,Adult,Unknown,None,6,9.5,Mid,Adult,72.0,3_male,3_S,3_Mid,Mr_male,0,0
1,3,female,31.0,1,1,20.525,S,0,3,0,Small,Mrs,Adult,Unknown,None,6,6.841666666666666,High,Adult,93.0,3_female,3_S,3_High,Mrs_female,1,0
0,3,female,45.0,0,0,7.75,S,0,1,1,Single,Miss,Young,Unknown,None,6,7.75,Low,Middle,135.0,3_female,3_S,3_Low,Miss_female,1,0
0,3,male,32.0,0,0,7.925,S,0,1,1,Single,Mr,Adult,Unknown,STONO ,17,7.925,Mid,Adult,96.0,3_male,3_S,3_Mid,Mr_male,0,0
0,3,female,18.0,0,1,14.4542,C,0,2,0,Small,Miss,Young,Unknown,None,4,7.2271,Mid,Teen,54.0,3_female,3_C,3_Mid,Miss_female,1,0
0,2,female,44.0,1,0,26.0,S,0,2,0,Small,Mrs,Adult,Unknown,None,6,13.0,High,Middle,88.0,2_female,2_S,2_High,Mrs_female,1,0
1,1,female,47.0,1,1,52.5542,S,1,3,0,Small,Mrs,Adult,Unknown,None,5,17.518066666666666,VeryHigh,Middle,47.0,1_female,1_S,1_VeryHigh,Mrs_female,1,1
0,2,male,36.5,0,2,26.0,S,1,3,0,Small,Mr,Adult,Unknown,None,6,8.666666666666666,High,Middle,73.0,2_male,2_S,2_High,Mr_male,0,0
0,2,male,30.0,0,0,13.0,S,0,1,1,Single,Mr,Adult,Unknown,None,6,13.0,Mid,Adult,60.0,2_male,2_S,2_Mid,Mr_male,0,0
1,2,female,27.0,0,0,10.5,S,1,1,1,Single,Miss,Young,Unknown,None,5,10.5,Mid,Adult,54.0,2_female,2_S,2_Mid,Miss_female,1,0
1,3,male,29.0,0,0,9.5,S,0,1,1,Single,Mr,Adult,Unknown,None,6,9.5,Mid,Adult,87.0,3_male,3_S,3_Mid,Mr_male,0,0
0,1,male,71.0,0,0,49.5042,C,0,1,1,Single,Mr,Adult,Unknown,PC,8,49.5042,VeryHigh,Senior,71.0,1_male,1_C,1_VeryHigh,Mr_male,0,0
1,1,female,52.0,1,1,93.5,S,1,3,0,Small,Mrs,Adult,Unknown,None,5,31.166666666666668,VeryHigh,Middle,52.0,1_female,1_S,1_VeryHigh,Mrs_female,1,1
0,3,female,43.0,1,6,46.9,S,0,8,0,Large,Mrs,Adult,Unknown,CA,7,5.8625,VeryHigh,Middle,129.0,3_female,3_S,3_VeryHigh,Mrs_female,1,0
0,3,male,22.0,0,0,7.8958,S,0,1,1,Single,Mr,Adult,Unknown,None,6,7.8958,Low,Adult,66.0,3_male,3_S,3_Low,Mr_male,0,0
1,3,female,26.15864583333333,2,0,23.25,Q,0,3,0,Small,Miss,Young,Unknown,None,6,7.75,High,Adult,78.47593749999999,3_female,3_Q,3_High,Miss_female,1,0
1,1,female,24.76733333333334,0,1,55.0,S,1,2,0,Small,Mrs,Adult,Unknown,None,6,27.5,VeryHigh,Adult,24.76733333333334,1_female,1_S,1_VeryHigh,Mrs_female,1,1
0,3,male,26.0,0,0,7.8958,S,0,1,1,Single,Mr,Adult,Unknown,None,6,7.8958,Low,Adult,78.0,3_male,3_S,3_Low,Mr_male,0,0
0,3,female,25.0,1,0,7.925,S,0,2,0,Small,Miss,Young,Unknown,Other,16,3.9625,Mid,Adult,75.0,3_female,3_S,3_Mid,Miss_female,1,0
0,1,male,39.10992316017316,0,0,0.0,S,1,1,1,Single,Mr,Adult,Unknown,None,6,0.0,Low,Middle,39.10992316017316,1_male,1_S,1_Low,Mr_male,0,0
1,1,female,31.0,0,2,164.8667,S,1,3,0,Small,Miss,Young,Unknown,None,5,54.95556666666667,VeryHigh,Adult,31.0,1_female,1_S,1_VeryHigh,Miss_female,1,1
1,3,male,45.0,0,0,8.05,S,0,1,1,Single,Mr,Adult,Unknown,None,4,8.05,Mid,Middle,135.0,3_male,3_S,3_Mid,Mr_male,0,0
0,3,male,22.0,0,0,7.25,S,0,1,1,Single,Mr,Adult,Unknown,A,9,7.25,Low,Adult,66.0,3_male,3_S,3_Low,Mr_male,0,0
1,1,female,49.0,1,0,76.7292,C,1,2,0,Small,Mrs,Adult,Unknown,PC,8,38.3646,VeryHigh,Middle,49.0,1_female,1_C,1_VeryHigh,Mrs_female,1,1
1,2,female,22.0,1,2,41.5792,C,0,4,0,Small,Mrs,Adult,Unknown,Other,13,10.3948,VeryHigh,Adult,44.0,2_female,2_C,2_VeryHigh,Mrs_female,1,0
1,3,female,4.0,0,2,22.025,S,0,3,0,Small,Miss,Young,Unknown,None,6,7.341666666666666,High,Child,12.0,3_female,3_S,3_High,Miss_female,1,0
1,3,female,29.0,0,2,15.2458,C,0,3,0,Small,Mrs,Adult,Unknown,None,4,5.081933333333333,High,Adult,87.0,3_female,3_C,3_High,Mrs_female,1,0
0,2,male,34.0,0,0,13.0,S,0,1,1,Single,Mr,Adult,Unknown,None,6,13.0,Mid,Adult,68.0,2_male,2_S,2_Mid,Mr_male,0,0
1,1,female,48.0,0,0,25.9292,S,1,1,1,Single,Mrs,Adult,Unknown,None,5,25.9292,High,Middle,48.0,1_female,1_S,1_High,Mrs_female,1,1
0,2,female,27.0,1,0,21.0,S,0,2,0,Small,Mrs,Adult,Unknown,None,5,10.5,High,Adult,54.0,2_female,2_S,2_High,Mrs_female,1,0
1,1,female,54.0,1,0,59.4,C,0,2,0,Small,Mrs,Adult,Unknown,PC,8,29.7,VeryHigh,Middle,54.0,1_female,1_C,1_VeryHigh,Mrs_female,1,1
1,2,male,48.770483100233086,0,0,13.8625,C,0,1,1,Single,Mr,Adult,Unknown,SCPARIS,13,13.8625,Mid,Middle,97.54096620046617,2_male,2_C,2_Mid,Mr_male,0,0
1,2,female,19.0,1,0,26.0,S,0,2,0,Small,Mrs,Adult,Unknown,None,4,13.0,High,Adult,38.0,2_female,2_S,2_High,Mrs_female,1,0
1,1,female,22.0,1,0,66.6,S,1,2,0,Small,Mrs,Adult,Unknown,None,6,33.3,VeryHigh,Adult,22.0,1_female,1_S,1_VeryHigh,Mrs_female,1,1
0,1,male,45.5,0,0,28.5,S,1,1,1,Single,Mr,Adult,Unknown,None,6,28.5,High,Middle,45.5,1_male,1_S,1_High,Mr_male,0,0
0,1,male,43.09214285714285,0,0,27.7208,C,0,1,1,Single,Mr,Adult,Unknown,PC,8,27.7208,High,Middle,43.09214285714285,1_male,1_C,1_High,Mr_male,0,0
0,3,male,23.0,0,0,7.8542,S,0,1,1,Single,Mr,Adult,Unknown,None,6,7.8542,Low,Adult,69.0,3_male,3_S,3_Low,Mr_male,0,0
0,3,male,30.0,0,0,8.05,S,0,1,1,Single,Mr,Adult,Unknown,A,10,8.05,Mid,Adult,90.0,3_male,3_S,3_Mid,Mr_male,0,0
0,3,male,25.252799873737366,0,0,7.2292,C,0,1,1,Single,Mr,Adult,Unknown,None,4,7.2292,Low,Adult,75.7583996212121,3_male,3_C,3_Low,Mr_male,0,0
0,2,male,34.0,1,0,21.0,S,0,2,0,Small,Mr,Adult,Unknown,None,5,10.5,High,Adult,68.0,2_male,2_S,2_High,Mr_male,0,0
1,3,male,31.0,0,0,7.925,S,0,1,1,Single,Mr,Adult,Unknown,STONO ,17,7.925,Mid,Adult,93.0,3_male,3_S,3_Mid,Mr_male,0,0
0,3,male,13.598253968253976,8,2,69.55,S,0,11,0,Large,Mr,Adult,Unknown,CA,8,6.322727272727272,VeryHigh,Teen,40.79476190476193,3_male,3_S,3_VeryHigh,Mr_male,1,0
0,3,male,40.0,1,4,27.9,S,0,6,0,Medium,Mr,Adult,Unknown,None,6,4.6499999999999995,High,Middle,120.0,3_male,3_S,3_High,Mr_male,0,0
1,3,female,27.068492875180368,0,0,7.75,Q,0,1,1,Single,Miss,Young,Unknown,None,5,7.75,Low,Adult,81.2054786255411,3_female,3_Q,3_Low,Miss_female,1,0
0,2,male,32.0,0,0,10.5,S,0,1,1,Single,Mr,Adult,Unknown,CA,10,10.5,Mid,Adult,64.0,2_male,2_S,2_Mid,Mr_male,0,0
0,3,male,20.0,0,0,9.225,S,0,1,1,Single,Mr,Adult,Unknown,None,4,9.225,Mid,Adult,60.0,3_male,3_S,3_Mid,Mr_male,0,0
0,1,male,27.0,0,2,211.5,C,1,3,0,Small,Mr,Adult,Unknown,None,6,70.5,VeryHigh,Adult,27.0,1_male,1_C,1_VeryHigh,Mr_male,0,0
1,2,female,32.5,0,0,13.0,S,1,1,1,Single,Miss,Young,Unknown,None,5,13.0,Mid,Adult,65.0,2_female,2_S,2_Mid,Miss_female,1,0
1,1,female,44.0,0,0,27.7208,C,1,1,1,Single,Mrs,Adult,Unknown,PC,8,27.7208,High,Middle,44.0,1_female,1_C,1_High,Mrs_female,1,1
0,2,male,23.0,0,0,15.0458,C,0,1,1,Single,Mr,Adult,Unknown,SCPARIS,13,15.0458,High,Adult,46.0,2_male,2_C,2_High,Mr_male,0,0
0,3,male,34.0,1,1,14.4,S,0,3,0,Small,Mr,Adult,Unknown,None,6,4.8,Mid,Adult,102.0,3_male,3_S,3_Mid,Mr_male,0,0
1,2,male,32.0,1,0,26.0,S,0,2,0,Small,Mr,Adult,Unknown,None,4,13.0,High,Adult,64.0,2_male,2_S,2_High,Mr_male,0,0
1,1,male,4.0,0,2,81.8583,S,1,3,0,Small,Master,Child,Unknown,None,5,27.2861,VeryHigh,Child,4.0,1_male,1_S,1_VeryHigh,Master_male,1,0
0,3,female,2.0,4,2,31.275,S,0,7,0,Medium,Miss,Young,Unknown,None,6,4.4678571428571425,VeryHigh,Child,6.0,3_female,3_S,3_VeryHigh,Miss_female,1,0
0,2,male,35.057760836171056,0,0,0.0,S,0,1,1,Single,Mr,Adult,Unknown,None,6,0.0,Low,Middle,70.11552167234211,2_male,2_S,2_Low,Mr_male,0,0
0,2,male,25.0,0,0,13.0,S,0,1,1,Single,Mr,Adult,Unknown,None,6,13.0,Mid,Adult,50.0,2_male,2_S,2_Mid,Mr_male,0,0
0,3,male,24.0,0,0,8.05,S,0,1,1,Single,Mr,Adult,Unknown,None,6,8.05,Mid,Adult,72.0,3_male,3_S,3_Mid,Mr_male,0,0
0,3,male,21.0,0,0,8.6625,S,0,1,1,Single,Mr,Adult,Unknown,None,6,8.6625,Mid,Adult,63.0,3_male,3_S,3_Mid,Mr_male,0,0
0,2,male,31.0,0,0,10.5,S,0,1,1,Single,Mr,Adult,Unknown,CA,10,10.5,Mid,Adult,62.0,2_male,2_S,2_Mid,Mr_male,0,0
0,2,male,54.0,0,0,14.0,S,0,1,1,Single,Rare,Varied,Unknown,None,5,14.0,Mid,Middle,108.0,2_male,2_S,2_Mid,Rare_male,0,0
1,3,female,33.0,3,0,15.85,S,0,4,0,Small,Mrs,Adult,Unknown,None,7,3.9625,High,Adult,99.0,3_female,3_S,3_High,Mrs_female,1,0
0,2,male,23.0,0,0,13.0,S,0,1,1,Single,Mr,Adult,Unknown,None,5,13.0,Mid,Adult,46.0,2_male,2_S,2_Mid,Mr_male,0,0
0,2,male,19.0,1,1,36.75,S,0,3,0,Small,Mr,Adult,Unknown,CA,10,12.25,VeryHigh,Adult,38.0,2_male,2_S,2_VeryHigh,Mr_male,0,0
0,3,male,65.0,0,0,7.75,Q,0,1,1,Single,Mr,Adult,Unknown,None,6,7.75,Low,Senior,195.0,3_male,3_Q,3_Low,Mr_male,0,0
0,3,male,28.594166666666666,1,0,19.9667,S,0,2,0,Small,Mr,Adult,Unknown,None,5,9.98335,High,Adult,85.7825,3_male,3_S,3_High,Mr_male,0,0
1,2,female,42.0,0,0,13.0,S,0,1,1,Single,Mrs,Adult,Unknown,None,6,13.0,Mid,Middle,84.0,2_female,2_S,2_Mid,Mrs_female,1,0
0,2,male,18.0,0,0,11.5,S,0,1,1,Single,Mr,Adult,Unknown,None,6,11.5,Mid,Teen,36.0,2_male,2_S,2_Mid,Mr_male,0,0
0,2,male,27.0,0,0,13.0,S,0,1,1,Single,Mr,Adult,Unknown,None,6,13.0,Mid,Adult,54.0,2_male,2_S,2_Mid,Mr_male,0,0
0,1,male,54.0,0,1,77.2875,S,1,2,0,Small,Mr,Adult,Unknown,None,5,38.64375,VeryHigh,Middle,54.0,1_male,1_S,1_VeryHigh,Mr_male,0,0
0,3,male,25.252799873737366,0,0,7.2292,C,0,1,1,Single,Mr,Adult,Unknown,None,4,7.2292,Low,Adult,75.7583996212121,3_male,3_C,3_Low,Mr_male,0,0
0,1,male,47.0,0,0,52.0,S,1,1,1,Single,Mr,Adult,Unknown,None,6,52.0,VeryHigh,Middle,47.0,1_male,1_S,1_VeryHigh,Mr_male,0,0
0,3,male,11.0,5,2,46.9,S,0,8,0,Large,Master,Child,Unknown,CA,7,5.8625,VeryHigh,Child,33.0,3_male,3_S,3_VeryHigh,Master_male,1,0
0,2,male,21.0,2,0,73.5,S,0,3,0,Small,Mr,Adult,Unknown,SOC,12,24.5,VeryHigh,Adult,42.0,2_male,2_S,2_VeryHigh,Mr_male,0,0
0,2,male,29.0,0,0,10.5,S,0,1,1,Single,Mr,Adult,Unknown,WC,11,10.5,Mid,Adult,58.0,2_male,2_S,2_Mid,Mr_male,0,0
0,3,male,39.0,0,0,24.15,S,0,1,1,Single,Mr,Adult,Unknown,A,9,24.15,High,Middle,117.0,3_male,3_S,3_High,Mr_male,0,0
0,3,female,39.0,0,5,29.125,Q,0,6,0,Medium,Mrs,Adult,Unknown,None,6,4.854166666666667,High,Middle,117.0,3_female,3_Q,3_High,Mrs_female,1,0
0,3,male,36.0,1,0,15.55,S,0,2,0,Small,Mr,Adult,Unknown,None,6,7.775,High,Middle,108.0,3_male,3_S,3_High,Mr_male,0,0
1,1,female,17.0,1,0,108.9,C,1,2,0,Small,Mrs,Adult,Unknown,PC,8,54.45,VeryHigh,Teen,17.0,1_female,1_C,1_VeryHigh,Mrs_female,1,1
0,3,male,23.754683774558785,0,0,8.6625,S,0,1,1,Single,Mr,Adult,Unknown,None,6,8.6625,Mid,Adult,71.26405132367636,3_male,3_S,3_Mid,Mr_male,0,0
0,3,female,11.0,4,2,31.275,S,0,7,0,Medium,Miss,Young,Unknown,None,6,4.4678571428571425,VeryHigh,Child,33.0,3_female,3_S,3_VeryHigh,Miss_female,1,0
0,3,female,47.0,1,0,14.5,S,0,2,0,Small,Mrs,Adult,Unknown,A,9,7.25,High,Middle,141.0,3_female,3_S,3_High,Mrs_female,1,0
0,1,male,46.17302380952381,0,0,26.0,S,1,1,1,Single,Mr,Adult,Unknown,None,6,26.0,High,Middle,46.17302380952381,1_male,1_S,1_High,Mr_male,0,0
1,3,female,38.0,1,5,31.3875,S,0,7,0,Medium,Mrs,Adult,Unknown,None,6,4.483928571428572,VeryHigh,Middle,114.0,3_female,3_S,3_VeryHigh,Mrs_female,1,0
1,2,female,43.766660714285706,0,0,12.35,Q,1,1,1,Single,Miss,Young,Unknown,None,6,12.35,Mid,Middle,87.53332142857141,2_female,2_Q,2_Mid,Miss_female,1,0
1,1,female,19.0,0,0,30.0,S,1,1,1,Single,Miss,Young,Unknown,None,6,30.0,High,Adult,19.0,1_female,1_S,1_High,Miss_female,1,1
1,1,female,48.0,1,0,39.6,C,1,2,0,Small,Rare,Varied,Unknown,None,5,19.8,VeryHigh,Middle,48.0,1_female,1_C,1_VeryHigh,Rare_female,1,1
0,3,male,30.248197961760457,0,0,7.7375,Q,0,1,1,Single,Mr,Adult,Unknown,None,5,7.7375,Low,Adult,90.74459388528138,3_male,3_Q,3_Low,Mr_male,0,0
1,1,female,40.952666666666666,1,0,146.5208,C,1,2,0,Small,Mrs,Adult,Unknown,PC,8,73.2604,VeryHigh,Middle,40.952666666666666,1_female,1_C,1_VeryHigh,Mrs_female,1,1
0,1,male,40.0,0,0,0.0,S,1,1,1,Single,Mr,Adult,Unknown,None,6,0.0,Low,Middle,40.0,1_male,1_S,1_Low,Mr_male,0,0
0,3,male,31.0,0,0,7.775,S,0,1,1,Single,Mr,Adult,Unknown,None,6,7.775,Low,Adult,93.0,3_male,3_S,3_Low,Mr_male,0,0
0,3,female,8.0,3,1,21.075,S,0,5,0,Medium,Miss,Young,Unknown,None,6,4.215,High,Child,24.0,3_female,3_S,3_High,Miss_female,1,0
1,3,male,26.0,0,0,18.7875,C,0,1,1,Single,Mr,Adult,Unknown,None,4,18.7875,High,Adult,78.0,3_male,3_C,3_High,Mr_male,0,0
0,2,male,24.0,2,0,73.5,S,0,3,0,Small,Mr,Adult,Unknown,SOC,12,24.5,VeryHigh,Adult,48.0,2_male,2_S,2_VeryHigh,Mr_male,0,0
0,3,male,22.0,0,0,7.2292,C,0,1,1,Single,Mr,Adult,Unknown,None,4,7.2292,Low,Adult,66.0,3_male,3_C,3_Low,Mr_male,0,0
1,2,female,4.0,1,1,23.0,S,0,3,0,Small,Miss,Young,Unknown,None,5,7.666666666666667,High,Child,8.0,2_female,2_S,2_High,Miss_female,1,0
1,1,male,45.0,0,0,26.55,S,0,1,1,Single,Mr,Adult,Unknown,None,6,26.55,High,Middle,45.0,1_male,1_S,1_High,Mr_male,0,0
1,1,female,42.0,0,0,227.525,C,0,1,1,Single,Miss,Young,Unknown,PC,8,227.525,VeryHigh,Middle,42.0,1_female,1_C,1_VeryHigh,Miss_female,1,1
1,1,male,32.0,0,0,30.5,C,1,1,1,Single,Rare,Varied,Unknown,None,5,30.5,High,Adult,32.0,1_male,1_C,1_High,Rare_male,0,0
0,3,male,51.0,0,0,8.05,S,0,1,1,Single,Mr,Adult,Unknown,None,5,8.05,Mid,Middle,153.0,3_male,3_S,3_Mid,Mr_male,0,0
0,3,female,14.5,1,0,14.4542,C,0,2,0,Small,Miss,Young,Unknown,None,4,7.2271,Mid,Teen,43.5,3_female,3_C,3_Mid,Miss_female,1,0
0,3,male,27.656031149406143,0,0,7.05,S,0,1,1,Single,Mr,Adult,Unknown,SOTONOQ,18,7.05,Low,Adult,82.96809344821843,3_male,3_S,3_Low,Mr_male,0,0
0,3,male,27.0,1,0,14.4542,C,0,2,0,Small,Mr,Adult,Unknown,None,4,7.2271,Mid,Adult,81.0,3_male,3_C,3_Mid,Mr_male,0,0
0,1,male,47.84016117216115,0,0,26.55,S,1,1,1,Single,Mr,Adult,Unknown,None,6,26.55,High,Middle,47.84016117216115,1_male,1_S,1_High,Mr_male,0,0
0,3,male,8.0,4,1,29.125,Q,0,6,0,Medium,Master,Child,Unknown,None,6,4.854166666666667,High,Child,24.0,3_male,3_Q,3_High,Master_male,1,0
0,2,male,42.0,1,0,27.0,S,0,2,0,Small,Mr,Adult,Unknown,None,6,13.5,High,Middle,84.0,2_male,2_S,2_High,Mr_male,0,0
1,1,female,40.0,1,1,134.5,C,1,3,0,Small,Mrs,Adult,Unknown,None,5,44.833333333333336,VeryHigh,Middle,40.0,1_female,1_C,1_VeryHigh,Mrs_female,1,1
1,3,female,5.0,4,2,31.3875,S,0,7,0,Medium,Miss,Young,Unknown,None,6,4.483928571428572,VeryHigh,Child,15.0,3_female,3_S,3_VeryHigh,Miss_female,1,0
0,3,male,30.0,0,0,7.8958,S,0,1,1,Single,Mr,Adult,Unknown,None,6,7.8958,Low,Adult,90.0,3_male,3_S,3_Low,Mr_male,0,0
1,3,female,27.068492875180368,0,0,7.75,Q,0,1,1,Single,Miss,Young,Unknown,None,6,7.75,Low,Adult,81.2054786255411,3_female,3_Q,3_Low,Miss_female,1,0
0,3,male,4.0,4,1,29.125,Q,0,6,0,Medium,Master,Child,Unknown,None,6,4.854166666666667,High,Child,12.0,3_male,3_Q,3_High,Master_male,1,0
1,2,male,0.83,1,1,18.75,S,0,3,0,Small,Master,Child,Unknown,None,5,6.25,High,Child,1.66,2_male,2_S,2_High,Master_male,1,0
1,2,female,28.0,1,0,26.0,S,0,2,0,Small,Mrs,Adult,Unknown,None,4,13.0,High,Adult,56.0,2_female,2_S,2_High,Mrs_female,1,0
0,3,male,20.0,0,0,4.0125,C,0,1,1,Single,Mr,Adult,Unknown,None,4,4.0125,Low,Adult,60.0,3_male,3_C,3_Low,Mr_male,0,0
0,3,male,35.663032738095225,0,0,7.225,C,0,1,1,Single,Mr,Adult,Unknown,None,4,7.225,Low,Middle,106.98909821428568,3_male,3_C,3_Low,Mr_male,0,0
0,1,male,47.739672619047624,0,0,30.6958,C,0,1,1,Single,Mr,Adult,Unknown,PC,8,30.6958,High,Middle,47.739672619047624,1_male,1_C,1_High,Mr_male,0,0
0,3,male,17.0,0,0,8.6625,S,0,1,1,Single,Mr,Adult,Unknown,None,6,8.6625,Mid,Teen,51.0,3_male,3_S,3_Mid,Mr_male,0,0
0,3,male,24.545628219003234,0,0,8.7125,C,0,1,1,Single,Mr,Adult,Unknown,None,4,8.7125,Mid,Adult,73.6368846570097,3_male,3_C,3_Mid,Mr_male,0,0
0,3,male,29.0,0,0,7.775,S,0,1,1,Single,Mr,Adult,Unknown,None,6,7.775,Low,Adult,87.0,3_male,3_S,3_Low,Mr_male,0,0
0,3,male,35.0,0,0,7.125,S,0,1,1,Single,Mr,Adult,Unknown,STONO ,17,7.125,Low,Adult,105.0,3_male,3_S,3_Low,Mr_male,0,0
0,3,female,6.0,4,2,31.275,S,0,7,0,Medium,Miss,Young,Unknown,None,6,4.4678571428571425,VeryHigh,Child,18.0,3_female,3_S,3_VeryHigh,Miss_female,1,0
1,3,female,19.0,0,0,7.8792,Q,0,1,1,Single,Miss,Young,Unknown,None,6,7.8792,Low,Adult,57.0,3_female,3_Q,3_Low,Miss_female,1,0
0,3,male,21.0,0,0,7.8542,S,0,1,1,Single,Mr,Adult,Unknown,None,6,7.8542,Low,Adult,63.0,3_male,3_S,3_Low,Mr_male,0,0
0,3,male,20.0,0,0,9.8458,S,0,1,1,Single,Mr,Adult,Unknown,None,4,9.8458,Mid,Adult,60.0,3_male,3_S,3_Mid,Mr_male,0,0
1,2,female,7.0,0,2,26.25,S,0,3,0,Small,Miss,Young,Unknown,Other,12,8.75,High,Child,14.0,2_female,2_S,2_High,Miss_female,1,0
1,3,male,39.0,0,0,7.925,S,0,1,1,Single,Mr,Adult,Unknown,STONO ,17,7.925,Mid,Middle,117.0,3_male,3_S,3_Mid,Mr_male,0,0
0,3,male,26.0,1,0,14.4542,C,0,2,0,Small,Mr,Adult,Unknown,None,4,7.2271,Mid,Adult,78.0,3_male,3_C,3_Mid,Mr_male,0,0
0,3,female,45.0,0,1,14.4542,C,0,2,0,Small,Mrs,Adult,Unknown,None,4,7.2271,Mid,Middle,135.0,3_female,3_C,3_Mid,Mrs_female,1,0
0,3,male,33.0,1,1,20.525,S,0,3,0,Small,Mr,Adult,Unknown,None,6,6.841666666666666,High,Adult,99.0,3_male,3_S,3_High,Mr_male,0,0
1,2,male,2.0,1,1,26.0,S,1,3,0,Small,Master,Child,Unknown,None,6,8.666666666666666,High,Child,4.0,2_male,2_S,2_High,Master_male,1,0
1,1,female,35.501333333333335,1,0,89.1042,C,1,2,0,Small,Mrs,Adult,Unknown,None,5,44.5521,VeryHigh,Middle,35.501333333333335,1_female,1_C,1_VeryHigh,Mrs_female,1,1
0,3,female,26.0,1,0,16.1,S,0,2,0,Small,Mrs,Adult,Unknown,A,9,8.05,High,Adult,78.0,3_female,3_S,3_High,Mrs_female,1,0
1,3,male,32.0,0,0,56.4958,S,0,1,1,Single,Mr,Adult,Unknown,None,4,56.4958,VeryHigh,Adult,96.0,3_male,3_S,3_VeryHigh,Mr_male,0,0
1,1,female,35.0,0,0,135.6333,S,1,1,1,Single,Miss,Young,Unknown,PC,8,135.6333,VeryHigh,Adult,35.0,1_female,1_S,1_VeryHigh,Miss_female,1,1
0,3,female,28.0,1,1,14.4,S,0,3,0,Small,Mrs,Adult,Unknown,None,6,4.8,Mid,Adult,84.0,3_female,3_S,3_Mid,Mrs_female,1,0
0,3,male,39.0,1,5,31.275,S,0,7,0,Medium,Mr,Adult,Unknown,None,6,4.4678571428571425,VeryHigh,Middle,117.0,3_male,3_S,3_VeryHigh,Mr_male,0,0
0,3,male,28.0,0,0,9.5,S,0,1,1,Single,Mr,Adult,Unknown,None,6,9.5,Mid,Adult,84.0,3_male,3_S,3_Mid,Mr_male,0,0
0,1,male,37.0,0,1,29.7,C,1,2,0,Small,Mr,Adult,Unknown,PC,8,14.85,High,Middle,37.0,1_male,1_C,1_High,Mr_male,0,0
0,3,male,30.631309794372306,0,0,7.25,S,0,1,1,Single,Mr,Adult,Unknown,A,10,7.25,Low,Adult,91.89392938311693,3_male,3_S,3_Low,Mr_male,0,0
0,3,male,4.0,4,2,31.275,S,0,7,0,Medium,Master,Child,Unknown,None,6,4.4678571428571425,VeryHigh,Child,12.0,3_male,3_S,3_VeryHigh,Master_male,1,0
1,1,male,23.0,0,1,63.3583,C,1,2,0,Small,Mr,Adult,Unknown,PC,8,31.67915,VeryHigh,Adult,23.0,1_male,1_C,1_VeryHigh,Mr_male,0,0
0,3,male,38.0,0,0,7.05,S,0,1,1,Single,Mr,Adult,Unknown,SOTONOQ,18,7.05,Low,Middle,114.0,3_male,3_S,3_Low,Mr_male,0,0
0,3,male,25.0,0,0,7.05,S,0,1,1,Single,Mr,Adult,Unknown,SOTONOQ,18,7.05,Low,Adult,75.0,3_male,3_S,3_Low,Mr_male,0,0
1,2,female,29.0,0,0,10.5,S,1,1,1,Single,Mrs,Adult,Unknown,CA,10,10.5,Mid,Adult,58.0,2_female,2_S,2_Mid,Mrs_female,1,0
0,1,male,54.0,0,0,51.8625,S,1,1,1,Single,Mr,Adult,Unknown,None,5,51.8625,VeryHigh,Middle,54.0,1_male,1_S,1_VeryHigh,Mr_male,0,0
1,2,female,24.0,0,2,14.5,S,0,3,0,Small,Mrs,Adult,Unknown,None,6,4.833333333333333,High,Adult,48.0,2_female,2_S,2_High,Mrs_female,1,0
0,3,male,28.0,0,0,7.8958,S,0,1,1,Single,Mr,Adult,Unknown,None,6,7.8958,Low,Adult,84.0,3_male,3_S,3_Low,Mr_male,0,0
1,3,female,8.86207142857143,0,2,22.3583,C,0,3,0,Small,Mrs,Adult,Unknown,None,4,7.452766666666666,High,Child,26.586214285714288,3_female,3_C,3_High,Mrs_female,1,0
0,3,female,14.0,0,0,7.8542,S,0,1,1,Single,Miss,Young,Unknown,None,6,7.8542,Low,Teen,42.0,3_female,3_S,3_Low,Miss_female,1,0
1,2,female,41.0,0,1,19.5,S,0,2,0,Small,Mrs,Adult,Unknown,None,6,9.75,High,Middle,82.0,2_female,2_S,2_High,Mrs_female,1,0
0,3,male,22.914345238095237,0,0,14.5,S,0,1,1,Single,Mr,Adult,Unknown,None,6,14.5,High,Adult,68.74303571428571,3_male,3_S,3_High,Mr_male,0,0
1,2,female,50.0,0,0,10.5,S,0,1,1,Single,Miss,Young,Unknown,WC,11,10.5,Mid,Middle,100.0,2_female,2_S,2_Mid,Miss_female,1,0
0,3,male,25.252799873737366,0,0,7.2292,C,0,1,1,Single,Mr,Adult,Unknown,None,4,7.2292,Low,Adult,75.7583996212121,3_male,3_C,3_Low,Mr_male,0,0
0,3,male,21.0,0,0,7.775,S,0,1,1,Single,Mr,Adult,Unknown,None,6,7.775,Low,Adult,63.0,3_male,3_S,3_Low,Mr_male,0,0
1,1,female,22.0,0,2,49.5,C,1,3,0,Small,Miss,Young,Unknown,None,5,16.5,VeryHigh,Adult,22.0,1_female,1_C,1_VeryHigh,Miss_female,1,1
0,3,male,24.0,0,0,7.4958,S,0,1,1,Single,Mr,Adult,Unknown,None,6,7.4958,Low,Adult,72.0,3_male,3_S,3_Low,Mr_male,0,0
1,2,female,21.0,0,0,10.5,S,0,1,1,Single,Miss,Young,Unknown,CA,10,10.5,Mid,Adult,42.0,2_female,2_S,2_Mid,Miss_female,1,0
0,3,male,51.0,0,0,7.0542,S,0,1,1,Single,Mr,Adult,Unknown,None,6,7.0542,Low,Middle,153.0,3_male,3_S,3_Low,Mr_male,0,0
1,2,female,24.0,2,1,27.0,S,0,4,0,Small,Mrs,Adult,Unknown,None,6,6.75,High,Adult,48.0,2_female,2_S,2_High,Mrs_female,1,0
0,2,male,19.0,0,0,13.0,S,0,1,1,Single,Mr,Adult,Unknown,None,5,13.0,Mid,Adult,38.0,2_male,2_S,2_Mid,Mr_male,0,0
0,3,male,22.0,0,0,8.05,S,0,1,1,Single,Mr,Adult,Unknown,None,6,8.05,Mid,Adult,66.0,3_male,3_S,3_Mid,Mr_male,0,0
0,1,male,61.0,0,0,33.5,S,1,1,1,Single,Mr,Adult,Unknown,None,6,33.5,VeryHigh,Senior,61.0,1_male,1_S,1_VeryHigh,Mr_male,0,0
0,3,male,29.748183707398017,0,0,8.05,S,0,1,1,Single,Mr,Adult,Unknown,Other,8,8.05,Mid,Adult,89.24455112219405,3_male,3_S,3_Mid,Mr_male,0,0
0,3,male,19.0,0,0,10.1708,S,0,1,1,Single,Mr,Adult,Unknown,None,6,10.1708,Mid,Adult,57.0,3_male,3_S,3_Mid,Mr_male,0,0
0,3,male,29.748183707398017,0,0,8.05,S,0,1,1,Single,Mr,Adult,Unknown,None,6,8.05,Mid,Adult,89.24455112219405,3_male,3_S,3_Mid,Mr_male,0,0
1,3,female,22.0,0,0,7.75,Q,0,1,1,Single,Miss,Young,Unknown,None,6,7.75,Low,Adult,66.0,3_female,3_Q,3_Low,Miss_female,1,0
0,3,male,28.0,0,0,22.525,S,0,1,1,Single,Mr,Adult,Unknown,C,6,22.525,High,Adult,84.0,3_male,3_S,3_High,Mr_male,0,0
1,2,female,54.0,1,3,23.0,S,0,5,0,Medium,Mrs,Adult,Unknown,None,5,4.6,High,Middle,108.0,2_female,2_S,2_High,Mrs_female,1,0
0,3,male,41.0,0,0,7.125,S,0,1,1,Single,Mr,Adult,Unknown,Other,16,7.125,Low,Middle,123.0,3_male,3_S,3_Low,Mr_male,0,0
0,3,male,28.5,0,0,7.2292,C,0,1,1,Single,Mr,Adult,Unknown,None,4,7.2292,Low,Adult,85.5,3_male,3_C,3_Low,Mr_male,0,0
0,3,male,28.08613077322936,0,0,7.8958,C,0,1,1,Single,Mr,Adult,Unknown,None,6,7.8958,Low,Adult,84.25839231968808,3_male,3_C,3_Low,Mr_male,0,0
0,2,male,21.0,1,0,11.5,S,0,2,0,Small,Mr,Adult,Unknown,None,5,5.75,Mid,Adult,42.0,2_male,2_S,2_Mid,Mr_male,0,0
1,2,female,40.0,1,1,39.0,S,0,3,0,Small,Mrs,Adult,Unknown,None,5,13.0,VeryHigh,Middle,80.0,2_female,2_S,2_VeryHigh,Mrs_female,1,0
0,2,male,36.0,0,0,10.5,S,0,1,1,Single,Mr,Adult,Unknown,CA,10,10.5,Mid,Middle,72.0,2_male,2_S,2_Mid,Mr_male,0,0
1,2,female,29.0,1,0,26.0,S,0,2,0,Small,Mrs,Adult,Unknown,None,4,13.0,High,Adult,58.0,2_female,2_S,2_High,Mrs_female,1,0
1,3,female,15.0,1,0,14.4542,C,0,2,0,Small,Mrs,Adult,Unknown,None,4,7.2271,Mid,Teen,45.0,3_female,3_C,3_Mid,Mrs_female,1,0
0,3,male,40.5,0,0,7.75,Q,0,1,1,Single,Mr,Adult,Unknown,None,6,7.75,Low,Middle,121.5,3_male,3_Q,3_Low,Mr_male,0,0
1,3,male,29.0,0,0,7.75,Q,0,1,1,Single,Mr,Adult,Unknown,None,6,7.75,Low,Adult,87.0,3_male,3_Q,3_Low,Mr_male,0,0
1,2,female,33.0,0,2,26.0,S,0,3,0,Small,Mrs,Adult,Unknown,None,5,8.666666666666666,High,Adult,66.0,2_female,2_S,2_High,Mrs_female,1,0
0,3,male,19.0,0,0,8.05,S,0,1,1,Single,Mr,Adult,Unknown,None,6,8.05,Mid,Adult,57.0,3_male,3_S,3_Mid,Mr_male,0,0
0,2,male,35.0,0,0,10.5,S,0,1,1,Single,Mr,Adult,Unknown,None,5,10.5,Mid,Adult,70.0,2_male,2_S,2_Mid,Mr_male,0,0
1,1,female,18.0,2,2,262.375,C,1,5,0,Medium,Miss,Young,Unknown,PC,8,52.475,VeryHigh,Teen,18.0,1_female,1_C,1_VeryHigh,Miss_female,1,1
0,3,female,18.0,1,0,17.8,S,0,2,0,Small,Mrs,Adult,Unknown,None,6,8.9,High,Teen,54.0,3_female,3_S,3_High,Mrs_female,1,0
0,1,male,39.98333333333333,0,0,42.4,S,0,1,1,Single,Mr,Adult,Unknown,None,6,42.4,VeryHigh,Middle,39.98333333333333,1_male,1_S,1_VeryHigh,Mr_male,0,0
0,3,male,30.248197961760457,0,0,7.7333,Q,0,1,1,Single,Mr,Adult,Unknown,None,6,7.7333,Low,Adult,90.74459388528138,3_male,3_Q,3_Low,Mr_male,0,0
0,3,male,29.748183707398017,0,0,8.05,S,0,1,1,Single,Mr,Adult,Unknown,A,10,8.05,Mid,Adult,89.24455112219405,3_male,3_S,3_Mid,Mr_male,0,0
0,1,male,21.0,0,1,77.2875,S,1,2,0,Small,Mr,Adult,Unknown,None,5,38.64375,VeryHigh,Adult,21.0,1_male,1_S,1_VeryHigh,Mr_male,0,0
1,3,female,23.550948412698407,0,0,7.8292,Q,0,1,1,Single,Miss,Young,Unknown,None,6,7.8292,Low,Adult,70.65284523809522,3_female,3_Q,3_Low,Miss_female,1,0
1,1,female,39.0,1,1,110.8833,C,1,3,0,Small,Mrs,Adult,Unknown,None,5,36.9611,VeryHigh,Middle,39.0,1_female,1_C,1_VeryHigh,Mrs_female,1,1
0,3,male,20.0,0,0,7.8542,S,0,1,1,Single,Mr,Adult,Unknown,None,6,7.8542,Low,Adult,60.0,3_male,3_S,3_Low,Mr_male,0,0
0,1,male,58.0,0,0,29.7,C,1,1,1,Single,Mr,Adult,Unknown,None,5,29.7,High,Middle,58.0,1_male,1_C,1_High,Mr_male,0,0
1,1,male,49.0,1,0,56.9292,C,1,2,0,Small,Rare,Varied,Unknown,PC,8,28.4646,VeryHigh,Middle,49.0,1_male,1_C,1_VeryHigh,Rare_male,0,0
1,3,female,5.0,2,1,19.2583,C,0,4,0,Small,Miss,Young,Unknown,None,4,4.814575,High,Child,15.0,3_female,3_C,3_High,Miss_female,1,0
1,1,female,39.0,1,1,79.65,S,1,3,0,Small,Mrs,Adult,Unknown,None,6,26.55,VeryHigh,Middle,39.0,1_female,1_S,1_VeryHigh,Mrs_female,1,1
0,3,male,17.0,0,0,8.6625,S,0,1,1,Single,Mr,Adult,Unknown,None,6,8.6625,Mid,Teen,51.0,3_male,3_S,3_Mid,Mr_male,0,0
0,1,male,65.0,0,1,61.9792,C,1,2,0,Small,Mr,Adult,Unknown,None,6,30.9896,VeryHigh,Senior,65.0,1_male,1_C,1_VeryHigh,Mr_male,0,0
1,1,female,29.846666666666664,1,0,133.65,S,0,2,0,Small,Mrs,Adult,Unknown,PC,8,66.825,VeryHigh,Adult,29.846666666666664,1_female,1_S,1_VeryHigh,Mrs_female,1,1
1,1,female,26.85125,0,0,110.8833,C,0,1,1,Single,Miss,Young,Unknown,None,5,110.8833,VeryHigh,Adult,26.85125,1_female,1_C,1_VeryHigh,Miss_female,1,1
0,3,male,21.0,0,0,8.05,S,0,1,1,Single,Mr,Adult,Unknown,A,10,8.05,Mid,Adult,63.0,3_male,3_S,3_Mid,Mr_male,0,0
0,1,male,31.0,0,0,50.4958,S,1,1,1,Single,Mr,Adult,Unknown,PC,8,50.4958,VeryHigh,Adult,31.0,1_male,1_S,1_VeryHigh,Mr_male,0,0
1,3,male,32.0,0,0,7.925,S,0,1,1,Single,Mr,Adult,Unknown,STONO ,17,7.925,Mid,Adult,96.0,3_male,3_S,3_Mid,Mr_male,0,0
0,2,male,39.0,0,0,13.0,S,0,1,1,Single,Mr,Adult,Unknown,None,5,13.0,Mid,Middle,78.0,2_male,2_S,2_Mid,Mr_male,0,0
0,3,male,20.0,0,0,8.05,S,0,1,1,Single,Mr,Adult,Unknown,A,9,8.05,Mid,Adult,60.0,3_male,3_S,3_Mid,Mr_male,0,0
1,2,male,34.0,0,0,13.0,S,1,1,1,Single,Mr,Adult,Unknown,None,6,13.0,Mid,Adult,68.0,2_male,2_S,2_Mid,Mr_male,0,0
0,1,male,47.0,0,0,25.5875,S,1,1,1,Single,Mr,Adult,Unknown,None,4,25.5875,High,Middle,47.0,1_male,1_S,1_High,Mr_male,0,0
1,1,male,36.0,0,0,26.2875,S,1,1,1,Single,Mr,Adult,Unknown,PC,8,26.2875,High,Middle,36.0,1_male,1_S,1_High,Mr_male,0,0
0,3,male,21.0,0,0,16.1,S,0,1,1,Single,Mr,Adult,Unknown,None,5,16.1,High,Adult,63.0,3_male,3_S,3_High,Mr_male,0,0
0,3,male,29.748183707398017,0,0,8.05,S,0,1,1,Single,Mr,Adult,Unknown,A,8,8.05,Mid,Adult,89.24455112219405,3_male,3_S,3_Mid,Mr_male,0,0
0,3,male,28.08613077322936,0,0,7.8958,S,0,1,1,Single,Mr,Adult,Unknown,None,6,7.8958,Low,Adult,84.25839231968808,3_male,3_S,3_Low,Mr_male,0,0
0,3,female,30.0,0,0,8.6625,S,0,1,1,Single,Miss,Young,Unknown,None,6,8.6625,Mid,Adult,90.0,3_female,3_S,3_Mid,Miss_female,1,0
0,3,male,28.08613077322936,0,0,7.8958,S,0,1,1,Single,Mr,Adult,Unknown,None,6,7.8958,Low,Adult,84.25839231968808,3_male,3_S,3_Low,Mr_male,0,0
0,3,male,35.663032738095225,0,0,7.225,C,0,1,1,Single,Mr,Adult,Unknown,None,4,7.225,Low,Middle,106.98909821428568,3_male,3_C,3_Low,Mr_male,0,0
0,3,male,33.0,0,0,8.6542,S,0,1,1,Single,Mr,Adult,Unknown,None,4,8.6542,Mid,Adult,99.0,3_male,3_S,3_Mid,Mr_male,0,0
1,1,female,30.0,0,0,56.9292,C,1,1,1,Single,Miss,Young,Unknown,PC,8,56.9292,VeryHigh,Adult,30.0,1_female,1_C,1_VeryHigh,Miss_female,1,1
1,2,male,1.0,2,1,39.0,S,1,4,0,Small,Master,Child,Unknown,None,6,9.75,VeryHigh,Child,2.0,2_male,2_S,2_VeryHigh,Master_male,1,0
0,3,female,20.0,0,0,8.6625,S,0,1,1,Single,Miss,Young,Unknown,None,6,8.6625,Mid,Adult,60.0,3_female,3_S,3_Mid,Miss_female,1,0
1,2,female,34.0,1,1,32.5,S,0,3,0,Small,Mrs,Adult,Unknown,None,5,10.833333333333334,VeryHigh,Adult,68.0,2_female,2_S,2_VeryHigh,Mrs_female,1,0
0,1,male,45.0,0,0,35.5,S,1,1,1,Single,Mr,Adult,Unknown,None,6,35.5,VeryHigh,Middle,45.0,1_male,1_S,1_VeryHigh,Mr_male,0,0
1,2,female,36.0,0,0,13.0,S,1,1,1,Single,Mrs,Adult,Unknown,None,5,13.0,Mid,Middle,72.0,2_female,2_S,2_Mid,Mrs_female,1,0
0,3,male,39.0,0,0,7.925,S,0,1,1,Single,Mr,Adult,Unknown,None,7,7.925,Mid,Middle,117.0,3_male,3_S,3_Mid,Mr_male,0,0
1,3,male,20.0,1,1,15.7417,C,0,3,0,Small,Mr,Adult,Unknown,None,4,5.247233333333333,High,Adult,60.0,3_male,3_C,3_High,Mr_male,0,0
0,3,male,34.5,0,0,6.4375,C,0,1,1,Single,Mr,Adult,Unknown,None,4,6.4375,Low,Adult,103.5,3_male,3_C,3_Low,Mr_male,0,0
0,3,male,28.0,0,0,9.5,S,0,1,1,Single,Mr,Adult,Unknown,None,6,9.5,Mid,Adult,84.0,3_male,3_S,3_Mid,Mr_male,0,0
1,3,male,26.899604166666666,2,0,23.25,Q,0,3,0,Small,Mr,Adult,Unknown,None,6,7.75,High,Adult,80.6988125,3_male,3_Q,3_High,Mr_male,0,0
0,3,male,29.748183707398017,0,0,8.05,S,0,1,1,Single,Mr,Adult,Unknown,A,8,8.05,Mid,Adult,89.24455112219405,3_male,3_S,3_Mid,Mr_male,0,0
0,3,female,10.0,0,2,24.15,S,0,3,0,Small,Miss,Young,Unknown,None,6,8.049999999999999,High,Child,30.0,3_female,3_S,3_High,Miss_female,1,0
0,3,female,9.0,1,1,15.2458,C,0,3,0,Small,Miss,Young,Unknown,None,4,5.081933333333333,High,Child,27.0,3_female,3_C,3_High,Miss_female,1,0
0,3,male,28.08613077322936,0,0,7.8958,S,0,1,1,Single,Mr,Adult,Unknown,None,6,7.8958,Low,Adult,84.25839231968808,3_male,3_S,3_Low,Mr_male,0,0
0,3,male,20.5,0,0,7.25,S,0,1,1,Single,Mr,Adult,Unknown,A,9,7.25,Low,Adult,61.5,3_male,3_S,3_Low,Mr_male,0,0
1,1,female,39.61816666666667,1,0,52.0,S,1,2,0,Small,Mrs,Adult,Unknown,None,5,26.0,VeryHigh,Middle,39.61816666666667,1_female,1_S,1_VeryHigh,Mrs_female,1,1
1,1,female,36.0,0,0,135.6333,C,1,1,1,Single,Miss,Young,Unknown,PC,8,135.6333,VeryHigh,Middle,36.0,1_female,1_C,1_VeryHigh,Miss_female,1,1
0,3,male,29.748183707398017,0,0,8.05,S,0,1,1,Single,Mr,Adult,Unknown,None,6,8.05,Mid,Adult,89.24455112219405,3_male,3_S,3_Mid,Mr_male,0,0
0,3,male,35.438,0,0,7.55,S,0,1,1,Single,Mr,Adult,Unknown,Other,13,7.55,Low,Middle,106.31400000000001,3_male,3_S,3_Low,Mr_male,0,0
0,3,male,20.0,0,0,8.6625,S,0,1,1,Single,Mr,Adult,Unknown,None,6,8.6625,Mid,Adult,60.0,3_male,3_S,3_Mid,Mr_male,0,0
0,3,female,22.0,0,0,10.5167,S,0,1,1,Single,Miss,Young,Unknown,None,4,10.5167,Mid,Adult,66.0,3_female,3_S,3_Mid,Miss_female,1,0
0,2,male,39.0,0,0,13.0,S,0,1,1,Single,Mr,Adult,Unknown,None,6,13.0,Mid,Middle,78.0,2_male,2_S,2_Mid,Mr_male,0,0
0,3,female,37.0,0,0,9.5875,S,0,1,1,Single,Miss,Young,Unknown,None,4,9.5875,Mid,Middle,111.0,3_female,3_S,3_Mid,Miss_female,1,0
1,2,female,48.0,1,2,65.0,S,0,4,0,Small,Mrs,Adult,Unknown,None,6,16.25,VeryHigh,Middle,96.0,2_female,2_S,2_VeryHigh,Mrs_female,1,0
0,2,male,23.0,0,0,13.0,S,0,1,1,Single,Mr,Adult,Unknown,None,5,13.0,Mid,Adult,46.0,2_male,2_S,2_Mid,Mr_male,0,0
1,3,female,19.416359126984126,0,0,7.7375,Q,0,1,1,Single,Miss,Young,Unknown,None,5,7.7375,Low,Adult,58.24907738095238,3_female,3_Q,3_Low,Miss_female,1,0
0,2,male,70.0,0,0,10.5,S,0,1,1,Single,Mr,Adult,Unknown,CA,10,10.5,Mid,Senior,140.0,2_male,2_S,2_Mid,Mr_male,0,0
0,3,female,32.0,1,1,15.5,Q,0,3,0,Small,Mrs,Adult,Unknown,None,6,5.166666666666667,High,Adult,96.0,3_female,3_Q,3_High,Mrs_female,1,0
0,3,male,16.0,1,1,20.25,S,0,3,0,Small,Mr,Adult,Unknown,CA,9,6.75,High,Teen,48.0,3_male,3_S,3_High,Mr_male,0,0
0,2,male,21.0,0,0,73.5,S,0,1,1,Single,Mr,Adult,Unknown,SOC,12,73.5,VeryHigh,Adult,42.0,2_male,2_S,2_VeryHigh,Mr_male,0,0
0,3,male,30.631309794372306,0,0,7.25,S,0,1,1,Single,Mr,Adult,Unknown,None,6,7.25,Low,Adult,91.89392938311693,3_male,3_S,3_Low,Mr_male,0,0
0,2,male,42.0,0,0,13.0,S,0,1,1,Single,Rare,Varied,Unknown,None,6,13.0,Mid,Middle,84.0,2_male,2_S,2_Mid,Rare_male,0,0
0,3,male,24.0,0,0,7.7958,S,0,1,1,Single,Mr,Adult,Unknown,None,6,7.7958,Low,Adult,72.0,3_male,3_S,3_Low,Mr_male,0,0
1,3,female,22.0,0,0,7.75,S,0,1,1,Single,Miss,Young,Unknown,None,6,7.75,Low,Adult,66.0,3_female,3_S,3_Low,Miss_female,1,0
0,3,male,40.0,0,0,7.225,C,0,1,1,Single,Mr,Adult,Unknown,None,4,7.225,Low,Middle,120.0,3_male,3_C,3_Low,Mr_male,0,0
1,1,male,0.92,1,2,151.55,S,1,4,0,Small,Master,Child,Unknown,None,6,37.8875,VeryHigh,Child,0.92,1_male,1_S,1_VeryHigh,Master_male,1,0
0,3,male,33.0,0,0,8.6625,C,0,1,1,Single,Mr,Adult,Unknown,None,6,8.6625,Mid,Adult,99.0,3_male,3_C,3_Mid,Mr_male,0,0
0,3,male,18.0,0,0,7.775,S,0,1,1,Single,Mr,Adult,Unknown,None,6,7.775,Low,Teen,54.0,3_male,3_S,3_Low,Mr_male,0,0
0,3,male,28.0,0,0,56.4958,S,0,1,1,Single,Mr,Adult,Unknown,None,4,56.4958,VeryHigh,Adult,84.0,3_male,3_S,3_VeryHigh,Mr_male,0,0
0,2,male,37.0,1,0,26.0,S,0,2,0,Small,Mr,Adult,Unknown,Other,11,13.0,High,Middle,74.0,2_male,2_S,2_High,Mr_male,0,0
1,3,female,5.0,0,0,12.475,S,0,1,1,Single,Miss,Young,Unknown,None,6,12.475,Mid,Child,15.0,3_female,3_S,3_Mid,Miss_female,1,0
1,3,female,13.0,0,0,7.2292,C,0,1,1,Single,Miss,Young,Unknown,None,4,7.2292,Low,Teen,39.0,3_female,3_C,3_Low,Miss_female,1,0
0,2,male,27.0,0,0,26.0,S,0,1,1,Single,Mr,Adult,Unknown,None,6,26.0,High,Adult,54.0,2_male,2_S,2_High,Mr_male,0,0
0,2,female,38.0,0,0,13.0,S,0,1,1,Single,Miss,Young,Unknown,None,6,13.0,Mid,Middle,76.0,2_female,2_S,2_Mid,Miss_female,1,0
0,3,male,42.0,0,0,7.55,S,0,1,1,Single,Mr,Adult,Unknown,CA,9,7.55,Low,Middle,126.0,3_male,3_S,3_Low,Mr_male,0,0
1,3,male,3.0,1,1,15.9,S,0,3,0,Small,Master,Child,Unknown,CA,10,5.3,High,Child,9.0,3_male,3_S,3_High,Master_male,1,0
1,2,female,28.0,0,0,12.65,S,0,1,1,Single,Mrs,Adult,Unknown,None,6,12.65,Mid,Adult,56.0,2_female,2_S,2_Mid,Mrs_female,1,0
1,1,female,50.0,0,1,247.5208,C,1,2,0,Small,Mrs,Adult,Unknown,PC,8,123.7604,VeryHigh,Middle,50.0,1_female,1_C,1_VeryHigh,Mrs_female,1,1
1,1,male,51.0,0,0,26.55,S,1,1,1,Single,Mr,Adult,Unknown,None,6,26.55,High,Middle,51.0,1_male,1_S,1_High,Mr_male,0,0
0,3,male,25.252799873737366,0,0,7.2292,C,0,1,1,Single,Mr,Adult,Unknown,None,4,7.2292,Low,Adult,75.7583996212121,3_male,3_C,3_Low,Mr_male,0,0
1,1,female,26.0,0,0,78.85,S,0,1,1,Single,Miss,Young,Unknown,None,5,78.85,VeryHigh,Adult,26.0,1_female,1_S,1_VeryHigh,Miss_female,1,1
0,3,male,28.08613077322936,0,0,7.8958,S,0,1,1,Single,Mr,Adult,Unknown,None,6,7.8958,Low,Adult,84.25839231968808,3_male,3_S,3_Low,Mr_male,0,0
1,1,female,24.0,0,0,49.5042,C,1,1,1,Single,Miss,Young,Unknown,PC,8,49.5042,VeryHigh,Adult,24.0,1_female,1_C,1_VeryHigh,Miss_female,1,1
1,1,male,42.0,1,0,52.5542,S,1,2,0,Small,Mr,Adult,Unknown,None,5,26.2771,VeryHigh,Middle,42.0,1_male,1_S,1_VeryHigh,Mr_male,0,0
1,1,male,42.0,0,0,26.2875,S,1,1,1,Single,Mr,Adult,Unknown,PC,8,26.2875,High,Middle,42.0,1_male,1_S,1_High,Mr_male,0,0
0,3,male,28.08613077322936,0,0,7.8958,S,0,1,1,Single,Mr,Adult,Unknown,None,6,7.8958,Low,Adult,84.25839231968808,3_male,3_S,3_Low,Mr_male,0,0
0,2,male,36.0,1,2,27.75,S,0,4,0,Small,Mr,Adult,Unknown,CA,10,6.9375,High,Middle,72.0,2_male,2_S,2_High,Mr_male,0,0
1,1,female,19.0,0,2,26.2833,S,1,3,0,Small,Miss,Young,Unknown,None,5,8.7611,High,Adult,19.0,1_female,1_S,1_High,Miss_female,1,1
0,3,female,14.201456349206353,8,2,69.55,S,0,11,0,Large,Miss,Young,Unknown,CA,8,6.322727272727272,VeryHigh,Teen,42.60436904761906,3_female,3_S,3_VeryHigh,Miss_female,1,0
0,1,male,65.0,0,0,26.55,S,1,1,1,Single,Mr,Adult,Unknown,None,5,26.55,High,Senior,65.0,1_male,1_S,1_High,Mr_male,0,0
1,3,female,15.0,0,0,8.0292,Q,0,1,1,Single,Miss,Young,Unknown,None,6,8.0292,Mid,Teen,45.0,3_female,3_Q,3_Mid,Miss_female,1,0
1,3,female,16.108333333333334,0,0,7.225,C,0,1,1,Single,Mrs,Adult,Unknown,None,4,7.225,Low,Teen,48.325,3_female,3_C,3_Low,Mrs_female,1,0
0,1,male,46.0,0,0,79.2,C,1,1,1,Single,Mr,Adult,Unknown,PC,8,79.2,VeryHigh,Middle,46.0,1_male,1_C,1_VeryHigh,Mr_male,0,0
0,1,male,28.0,0,0,47.1,S,0,1,1,Single,Mr,Adult,Unknown,None,6,47.1,VeryHigh,Adult,28.0,1_male,1_S,1_VeryHigh,Mr_male,0,0
1,2,female,50.0,0,1,26.0,S,0,2,0,Small,Mrs,Adult,Unknown,None,6,13.0,High,Middle,100.0,2_female,2_S,2_High,Mrs_female,1,0
1,1,female,19.0,1,0,91.0792,C,1,2,0,Small,Mrs,Adult,Unknown,None,5,45.5396,VeryHigh,Adult,19.0,1_female,1_C,1_VeryHigh,Mrs_female,1,1
1,3,female,29.640040584415583,1,0,24.15,Q,0,2,0,Small,Miss,Young,Unknown,None,6,12.075,High,Adult,88.92012175324675,3_female,3_Q,3_High,Miss_female,1,0
1,1,male,25.0,1,0,55.4417,C,1,2,0,Small,Mr,Adult,Unknown,None,5,27.72085,VeryHigh,Adult,25.0,1_male,1_C,1_VeryHigh,Mr_male,0,0
1,1,female,62.0,0,0,80.0,C,1,1,1,Single,Mrs,Adult,Unknown,None,6,80.0,VeryHigh,Senior,62.0,1_female,1_C,1_VeryHigh,Mrs_female,1,1
1,1,male,27.0,1,0,53.1,S,1,2,0,Small,Mr,Adult,Unknown,None,6,26.55,VeryHigh,Adult,27.0,1_male,1_S,1_VeryHigh,Mr_male,0,0
1,1,female,35.0,1,0,90.0,S,1,2,0,Small,Mrs,Adult,Unknown,None,5,45.0,VeryHigh,Adult,35.0,1_female,1_S,1_VeryHigh,Mrs_female,1,1
0,3,male,27.54692857142857,0,0,15.1,S,0,1,1,Single,Mr,Adult,Unknown,CA,9,15.1,High,Adult,82.64078571428571,3_male,3_S,3_High,Mr_male,0,0
0,3,male,42.0,0,0,7.65,S,1,1,1,Single,Mr,Adult,Unknown,None,6,7.65,Low,Middle,126.0,3_male,3_S,3_Low,Mr_male,0,0
0,3,male,28.08613077322936,0,0,7.8958,C,0,1,1,Single,Mr,Adult,Unknown,None,6,7.8958,Low,Adult,84.25839231968808,3_male,3_C,3_Low,Mr_male,0,0
1,1,female,41.273166666666675,1,0,51.8625,S,1,2,0,Small,Mrs,Adult,Unknown,None,5,25.93125,VeryHigh,Middle,41.273166666666675,1_female,1_S,1_VeryHigh,Mrs_female,1,1
0,3,male,24.0,0,0,7.05,S,0,1,1,Single,Mr,Adult,Unknown,SOTONOQ,18,7.05,Low,Adult,72.0,3_male,3_S,3_Low,Mr_male,0,0
1,3,male,24.0,0,0,7.1417,S,0,1,1,Single,Mr,Adult,Unknown,C,7,7.1417,Low,Adult,72.0,3_male,3_S,3_Low,Mr_male,0,0
1,2,female,4.0,2,1,39.0,S,1,4,0,Small,Miss,Young,Unknown,None,6,9.75,VeryHigh,Child,8.0,2_female,2_S,2_VeryHigh,Miss_female,1,0
1,2,female,28.0,0,0,13.0,S,0,1,1,Single,Miss,Young,Unknown,None,6,13.0,Mid,Adult,56.0,2_female,2_S,2_Mid,Miss_female,1,0
0,2,male,18.0,0,0,73.5,S,0,1,1,Single,Mr,Adult,Unknown,SOC,12,73.5,VeryHigh,Teen,36.0,2_male,2_S,2_VeryHigh,Mr_male,0,0
1,3,female,27.0,0,2,11.1333,S,0,3,0,Small,Mrs,Adult,Unknown,None,6,3.7111,Mid,Adult,81.0,3_female,3_S,3_Mid,Mrs_female,1,0
0,1,male,43.45733333333334,0,0,39.6,C,0,1,1,Single,Rare,Varied,Unknown,None,6,39.6,VeryHigh,Middle,43.45733333333334,1_male,1_C,1_VeryHigh,Rare_male,0,0
0,3,male,14.0,5,2,46.9,S,0,8,0,Large,Mr,Adult,Unknown,CA,7,5.8625,VeryHigh,Teen,42.0,3_male,3_S,3_VeryHigh,Mr_male,1,0
1,2,female,28.0,1,0,24.0,C,0,2,0,Small,Mrs,Adult,Unknown,Other,9,12.0,High,Adult,56.0,2_female,2_C,2_High,Mrs_female,1,0
0,3,male,22.0,0,0,9.35,S,0,1,1,Single,Mr,Adult,Unknown,Other,7,9.35,Mid,Adult,66.0,3_male,3_S,3_Mid,Mr_male,0,0
1,1,male,37.0,1,1,52.5542,S,1,3,0,Small,Mr,Adult,Unknown,None,5,17.518066666666666,VeryHigh,Middle,37.0,1_male,1_S,1_VeryHigh,Mr_male,0,0
0,3,male,47.0,0,0,7.25,S,0,1,1,Single,Mr,Adult,Unknown,A,8,7.25,Low,Middle,141.0,3_male,3_S,3_Low,Mr_male,0,0
0,3,male,22.914345238095237,0,0,14.5,S,0,1,1,Single,Mr,Adult,Unknown,None,6,14.5,High,Adult,68.74303571428571,3_male,3_S,3_High,Mr_male,0,0
0,2,male,28.0,0,0,13.0,S,0,1,1,Single,Mr,Adult,Unknown,None,6,13.0,Mid,Adult,56.0,2_male,2_S,2_Mid,Mr_male,0,0
0,3,male,36.0,1,1,24.15,S,0,3,0,Small,Mr,Adult,Unknown,None,6,8.049999999999999,High,Middle,108.0,3_male,3_S,3_High,Mr_male,0,0
1,3,male,20.0,0,0,7.2292,C,0,1,1,Single,Mr,Adult,Unknown,None,4,7.2292,Low,Adult,60.0,3_male,3_C,3_Low,Mr_male,0,0
1,2,female,55.0,0,0,16.0,S,0,1,1,Single,Mrs,Adult,Unknown,None,6,16.0,High,Middle,110.0,2_female,2_S,2_High,Mrs_female,1,0
0,3,female,5.979821428571429,3,1,25.4667,S,0,5,0,Medium,Miss,Young,Unknown,None,4,5.0933399999999995,High,Child,17.939464285714287,3_female,3_S,3_High,Miss_female,1,0
0,3,male,22.0,0,0,7.125,S,0,1,1,Single,Mr,Adult,Unknown,STONO ,17,7.125,Low,Adult,66.0,3_male,3_S,3_Low,Mr_male,0,0
0,2,female,57.0,0,0,10.5,S,1,1,1,Single,Mrs,Adult,Unknown,Other,11,10.5,Mid,Middle,114.0,2_female,2_S,2_Mid,Mrs_female,1,0
0,3,male,29.0,1,0,7.0458,S,0,2,0,Small,Mr,Adult,Unknown,None,4,3.5229,Low,Adult,87.0,3_male,3_S,3_Low,Mr_male,0,0
0,3,male,26.0,2,0,8.6625,S,0,3,0,Small,Mr,Adult,Unknown,None,6,2.8874999999999997,Mid,Adult,78.0,3_male,3_S,3_Mid,Mr_male,0,0
0,3,male,29.748183707398017,0,0,8.05,S,0,1,1,Single,Mr,Adult,Unknown,SOTONOQ,15,8.05,Mid,Adult,89.24455112219405,3_male,3_S,3_Mid,Mr_male,0,0
1,1,female,39.0,1,0,55.9,S,1,2,0,Small,Mrs,Adult,Unknown,None,5,27.95,VeryHigh,Middle,39.0,1_female,1_S,1_VeryHigh,Mrs_female,1,1
0,3,male,32.0,0,0,7.8958,S,0,1,1,Single,Mr,Adult,Unknown,None,6,7.8958,Low,Adult,96.0,3_male,3_S,3_Low,Mr_male,0,0
1,3,female,30.0,0,0,12.475,S,0,1,1,Single,Miss,Young,Unknown,None,6,12.475,Mid,Adult,90.0,3_female,3_S,3_Mid,Miss_female,1,0
1,1,female,38.0,0,0,80.0,C,1,1,1,Single,Miss,Young,Unknown,None,6,80.0,VeryHigh,Middle,38.0,1_female,1_C,1_VeryHigh,Miss_female,1,1
0,3,male,28.08613077322936,0,0,7.8958,S,0,1,1,Single,Mr,Adult,Unknown,None,6,7.8958,Low,Adult,84.25839231968808,3_male,3_S,3_Low,Mr_male,0,0
1,3,female,18.0,0,0,7.4958,S,0,1,1,Single,Miss,Young,Unknown,None,7,7.4958,Low,Teen,54.0,3_female,3_S,3_Low,Miss_female,1,0
1,2,female,24.0,1,2,65.0,S,0,4,0,Small,Miss,Young,Unknown,None,6,16.25,VeryHigh,Adult,48.0,2_female,2_S,2_VeryHigh,Miss_female,1,0
1,3,female,4.0,1,1,16.7,S,1,3,0,Small,Miss,Young,Unknown,Other,7,5.566666666666666,High,Child,12.0,3_female,3_S,3_High,Miss_female,1,0
1,3,female,22.0,0,0,7.25,S,0,1,1,Single,Miss,Young,Unknown,C,6,7.25,Low,Adult,66.0,3_female,3_S,3_Low,Miss_female,1,0
1,3,female,21.89530952380952,0,0,7.8792,Q,0,1,1,Single,Miss,Young,Unknown,None,6,7.8792,Low,Adult,65.68592857142856,3_female,3_Q,3_Low,Miss_female,1,0
0,2,male,23.0,0,0,10.5,S,0,1,1,Single,Rare,Varied,Unknown,None,6,10.5,Mid,Adult,46.0,2_male,2_S,2_Mid,Rare_male,0,0
0,3,male,18.0,0,0,7.7958,S,0,1,1,Single,Mr,Adult,Unknown,None,6,7.7958,Low,Teen,54.0,3_male,3_S,3_Low,Mr_male,0,0
0,1,male,41.67783928571429,0,0,31.0,S,0,1,1,Single,Mr,Adult,Unknown,None,6,31.0,High,Middle,41.67783928571429,1_male,1_S,1_High,Mr_male,0,0
0,3,male,33.0,0,0,7.8958,S,0,1,1,Single,Mr,Adult,Unknown,None,6,7.8958,Low,Adult,99.0,3_male,3_S,3_Low,Mr_male,0,0
1,2,female,8.0,0,2,26.25,S,0,3,0,Small,Miss,Young,Unknown,CA,10,8.75,High,Child,16.0,2_female,2_S,2_High,Miss_female,1,0
0,3,male,22.0,1,0,7.25,S,0,2,0,Small,Mr,Adult,Unknown,A,9,3.625,Low,Adult,66.0,3_male,3_S,3_Low,Mr_male,0,0
1,1,male,36.0,0,0,26.3875,S,1,1,1,Single,Mr,Adult,Unknown,PC,8,26.3875,High,Middle,36.0,1_male,1_S,1_High,Mr_male,0,0
0,2,male,25.0,0,0,13.0,S,0,1,1,Single,Mr,Adult,Unknown,None,6,13.0,Mid,Adult,50.0,2_male,2_S,2_Mid,Mr_male,0,0
1,3,male,19.0,0,0,8.05,S,0,1,1,Single,Mr,Adult,Unknown,A,10,8.05,Mid,Adult,57.0,3_male,3_S,3_Mid,Mr_male,0,0
0,3,female,12.76125,1,2,23.45,S,0,4,0,Small,Miss,Young,Unknown,WC,10,5.8625,High,Teen,38.28375,3_female,3_S,3_High,Miss_female,1,0
1,1,male,36.0,1,2,120.0,S,1,4,0,Small,Mr,Adult,Unknown,None,6,30.0,VeryHigh,Middle,36.0,1_male,1_S,1_VeryHigh,Mr_male,0,0
0,2,male,23.0,2,1,11.5,S,0,4,0,Small,Mr,Adult,Unknown,None,5,2.875,Mid,Adult,46.0,2_male,2_S,2_Mid,Mr_male,0,0
0,3,female,29.0,0,4,21.075,S,0,5,0,Medium,Mrs,Adult,Unknown,None,6,4.215,High,Adult,87.0,3_female,3_S,3_High,Mrs_female,1,0
1,3,female,1.0,1,1,11.1333,S,0,3,0,Small,Miss,Young,Unknown,None,6,3.7111,Mid,Child,3.0,3_female,3_S,3_Mid,Miss_female,1,0
0,3,male,35.0,0,0,7.8958,C,0,1,1,Single,Mr,Adult,Unknown,None,6,7.8958,Low,Adult,105.0,3_male,3_C,3_Low,Mr_male,0,0
0,2,male,29.0,1,0,21.0,S,0,2,0,Small,Mr,Adult,Unknown,None,5,10.5,High,Adult,58.0,2_male,2_S,2_High,Mr_male,0,0
0,2,male,44.0,1,0,26.0,S,0,2,0,Small,Mr,Adult,Unknown,None,5,13.0,High,Middle,88.0,2_male,2_S,2_High,Mr_male,0,0
0,1,male,36.0,1,0,78.85,S,1,2,0,Small,Mr,Adult,Unknown,None,5,39.425,VeryHigh,Middle,36.0,1_male,1_S,1_VeryHigh,Mr_male,0,0
0,3,male,28.08613077322936,0,0,7.8958,S,0,1,1,Single,Mr,Adult,Unknown,None,6,7.8958,Low,Adult,84.25839231968808,3_male,3_S,3_Low,Mr_male,0,0
0,3,male,39.00800228937729,0,0,6.95,Q,0,1,1,Single,Mr,Adult,Unknown,None,6,6.95,Low,Middle,117.02400686813186,3_male,3_Q,3_Low,Mr_male,0,0
1,3,male,21.0,0,0,7.7958,S,0,1,1,Single,Mr,Adult,Unknown,None,6,7.7958,Low,Adult,63.0,3_male,3_S,3_Low,Mr_male,0,0
0,3,male,16.0,0,0,9.5,S,0,1,1,Single,Mr,Adult,Unknown,None,6,9.5,Mid,Teen,48.0,3_male,3_S,3_Mid,Mr_male,0,0
1,2,female,6.0,0,1,33.0,S,0,2,0,Small,Miss,Young,Unknown,None,6,16.5,VeryHigh,Child,12.0,2_female,2_S,2_VeryHigh,Miss_female,1,0
1,3,male,32.0,0,0,8.05,S,1,1,1,Single,Mr,Adult,Unknown,SOTONOQ,17,8.05,Mid,Adult,96.0,3_male,3_S,3_Mid,Mr_male,0,0
0,1,male,38.0,0,0,0.0,S,0,1,1,Single,Rare,Varied,Unknown,None,5,0.0,Low,Middle,38.0,1_male,1_S,1_Low,Rare_male,0,0
0,2,female,26.0,1,1,26.0,S,0,3,0,Small,Mrs,Adult,Unknown,None,6,8.666666666666666,High,Adult,52.0,2_female,2_S,2_High,Mrs_female,1,0
1,1,female,54.0,1,0,78.2667,C,1,2,0,Small,Miss,Young,Unknown,None,5,39.13335,VeryHigh,Middle,54.0,1_female,1_C,1_VeryHigh,Miss_female,1,1
0,1,male,48.245,0,0,50.0,S,1,1,1,Single,Mr,Adult,Unknown,None,6,50.0,VeryHigh,Middle,48.245,1_male,1_S,1_VeryHigh,Mr_male,0,0
0,1,male,40.0,0,0,27.7208,C,0,1,1,Single,Rare,Varied,Unknown,PC,8,27.7208,High,Middle,40.0,1_male,1_C,1_High,Rare_male,0,0
1,2,male,42.0,0,0,13.0,S,0,1,1,Single,Mr,Adult,Unknown,None,6,13.0,Mid,Middle,84.0,2_male,2_S,2_Mid,Mr_male,0,0
0,3,male,28.0,0,0,7.8542,S,0,1,1,Single,Mr,Adult,Unknown,None,6,7.8542,Low,Adult,84.0,3_male,3_S,3_Low,Mr_male,0,0
1,1,female,35.0,1,0,53.1,S,1,2,0,Small,Mrs,Adult,Unknown,None,6,26.55,VeryHigh,Adult,35.0,1_female,1_S,1_VeryHigh,Mrs_female,1,1
0,3,male,18.0,1,0,6.4958,S,0,2,0,Small,Mr,Adult,Unknown,None,7,3.2479,Low,Teen,54.0,3_male,3_S,3_Low,Mr_male,0,0
0,3,male,18.0,0,0,8.3,S,0,1,1,Single,Mr,Adult,Unknown,None,4,8.3,Mid,Teen,54.0,3_male,3_S,3_Mid,Mr_male,0,0
0,3,male,9.0,4,2,31.3875,S,0,7,0,Medium,Master,Child,Unknown,None,6,4.483928571428572,VeryHigh,Child,27.0,3_male,3_S,3_VeryHigh,Master_male,1,0
0,3,male,36.0,0,0,7.8958,S,0,1,1,Single,Mr,Adult,Unknown,None,6,7.8958,Low,Middle,108.0,3_male,3_S,3_Low,Mr_male,0,0
0,3,female,2.0,3,2,27.9,S,0,6,0,Medium,Miss,Young,Unknown,None,6,4.6499999999999995,High,Child,6.0,3_female,3_S,3_High,Miss_female,1,0
0,3,male,25.0,0,0,7.05,S,0,1,1,Single,Mr,Adult,Unknown,SOTONOQ,15,7.05,Low,Adult,75.0,3_male,3_S,3_Low,Mr_male,0,0
0,2,male,54.0,0,0,26.0,S,0,1,1,Single,Mr,Adult,Unknown,None,5,26.0,High,Middle,108.0,2_male,2_S,2_High,Mr_male,0,0
0,3,female,9.0,2,2,34.375,S,0,5,0,Medium,Miss,Young,Unknown,WC,10,6.875,VeryHigh,Child,27.0,3_female,3_S,3_VeryHigh,Miss_female,1,0
1,1,male,80.0,0,0,30.0,S,1,1,1,Single,Mr,Adult,Unknown,None,5,30.0,High,Senior,80.0,1_male,1_S,1_High,Mr_male,0,0
1,1,female,40.0,0,0,153.4625,S,1,1,1,Single,Miss,Young,Unknown,PC,8,153.4625,VeryHigh,Middle,40.0,1_female,1_S,1_VeryHigh,Miss_female,1,1
1,1,female,41.0,0,0,134.5,C,1,1,1,Single,Miss,Young,Unknown,None,5,134.5,VeryHigh,Middle,41.0,1_female,1_C,1_VeryHigh,Miss_female,1,1
1,2,female,24.0,1,0,26.0,S,0,2,0,Small,Mrs,Adult,Unknown,None,6,13.0,High,Adult,48.0,2_female,2_S,2_High,Mrs_female,1,0
0,3,male,22.0,0,0,9.0,S,0,1,1,Single,Mr,Adult,Unknown,None,6,9.0,Mid,Adult,66.0,3_male,3_S,3_Mid,Mr_male,0,0
1,1,female,17.0,1,0,57.0,S,1,2,0,Small,Mrs,Adult,Unknown,None,5,28.5,VeryHigh,Teen,17.0,1_female,1_S,1_VeryHigh,Mrs_female,1,1
0,3,female,45.0,1,4,27.9,S,0,6,0,Medium,Mrs,Adult,Unknown,None,6,4.6499999999999995,High,Middle,135.0,3_female,3_S,3_High,Mrs_female,1,0
0,3,male,20.0,0,0,7.05,S,0,1,1,Single,Mr,Adult,Unknown,SOTONOQ,18,7.05,Low,Adult,60.0,3_male,3_S,3_Low,Mr_male,0,0
1,1,female,52.0,1,0,78.2667,C,1,2,0,Small,Mrs,Adult,Unknown,None,5,39.13335,VeryHigh,Middle,52.0,1_female,1_C,1_VeryHigh,Mrs_female,1,1
0,3,male,35.0,0,0,7.05,S,0,1,1,Single,Mr,Adult,Unknown,SOTONOQ,18,7.05,Low,Adult,105.0,3_male,3_S,3_Low,Mr_male,0,0
0,3,male,30.0,0,0,7.2292,C,0,1,1,Single,Mr,Adult,Unknown,None,4,7.2292,Low,Adult,90.0,3_male,3_C,3_Low,Mr_male,0,0
0,3,male,26.63835416666667,2,0,21.6792,C,0,3,0,Small,Mr,Adult,Unknown,None,4,7.226400000000001,High,Adult,79.9150625,3_male,3_C,3_High,Mr_male,0,0
1,1,male,38.0,1,0,90.0,S,1,2,0,Small,Mr,Adult,Unknown,None,5,45.0,VeryHigh,Middle,38.0,1_male,1_S,1_VeryHigh,Mr_male,0,0
0,3,female,16.171812499999998,1,0,14.4542,C,0,2,0,Small,Miss,Young,Unknown,None,4,7.2271,Mid,Teen,48.51543749999999,3_female,3_C,3_Mid,Miss_female,1,0
0,1,male,39.0,0,0,0.0,S,1,1,1,Single,Mr,Adult,Unknown,None,6,0.0,Low,Middle,39.0,1_male,1_S,1_Low,Mr_male,0,0
1,1,female,31.0,1,0,113.275,C,1,2,0,Small,Miss,Young,Unknown,None,5,56.6375,VeryHigh,Adult,31.0,1_female,1_C,1_VeryHigh,Miss_female,1,1
0,3,male,22.0,0,0,7.5208,S,0,1,1,Single,Mr,Adult,Unknown,None,6,7.5208,Low,Adult,66.0,3_male,3_S,3_Low,Mr_male,0,0
0,3,male,20.0,0,0,7.925,S,0,1,1,Single,Mr,Adult,Unknown,Other,16,7.925,Mid,Adult,60.0,3_male,3_S,3_Mid,Mr_male,0,0
1,1,female,22.0,0,0,151.55,S,0,1,1,Single,Miss,Young,Unknown,None,6,151.55,VeryHigh,Adult,22.0,1_female,1_S,1_VeryHigh,Miss_female,1,1
1,3,female,26.0,0,0,7.8542,S,0,1,1,Single,Miss,Young,Unknown,None,6,7.8542,Low,Adult,78.0,3_female,3_S,3_Low,Miss_female,1,0
1,3,female,15.0,0,0,7.225,C,0,1,1,Single,Miss,Young,Unknown,None,4,7.225,Low,Teen,45.0,3_female,3_C,3_Low,Miss_female,1,0
0,3,male,32.0,1,0,15.85,S,0,2,0,Small,Mr,Adult,Unknown,None,7,7.925,High,Adult,96.0,3_male,3_S,3_High,Mr_male,0,0
1,1,female,30.0,0,0,86.5,S,1,1,1,Single,Miss,Young,Unknown,None,6,86.5,VeryHigh,Adult,30.0,1_female,1_S,1_VeryHigh,Miss_female,1,1
1,2,female,34.0,0,1,23.0,S,0,2,0,Small,Mrs,Adult,Unknown,None,6,11.5,High,Adult,68.0,2_female,2_S,2_High,Mrs_female,1,0
1,3,female,27.068492875180368,0,0,7.75,Q,0,1,1,Single,Miss,Young,Unknown,None,5,7.75,Low,Adult,81.2054786255411,3_female,3_Q,3_Low,Miss_female,1,0
1,3,male,1.0,1,2,20.575,S,0,4,0,Small,Master,Child,Unknown,CA,9,5.14375,High,Child,3.0,3_male,3_S,3_High,Master_male,1,0
0,2,male,28.0,0,0,13.5,S,0,1,1,Single,Mr,Adult,Unknown,None,6,13.5,Mid,Adult,56.0,2_male,2_S,2_Mid,Mr_male,0,0
1,1,female,30.0,0,0,93.5,S,1,1,1,Single,Miss,Young,Unknown,None,5,93.5,VeryHigh,Adult,30.0,1_female,1_S,1_VeryHigh,Miss_female,1,1
0,3,male,22.0,0,0,7.25,S,0,1,1,Single,Mr,Adult,Unknown,A,9,7.25,Low,Adult,66.0,3_male,3_S,3_Low,Mr_male,0,0
0,3,female,21.0,2,2,34.375,S,0,5,0,Medium,Miss,Young,Unknown,WC,10,6.875,VeryHigh,Adult,63.0,3_female,3_S,3_VeryHigh,Miss_female,1,0
0,2,male,36.0,0,0,12.875,C,1,1,1,Single,Mr,Adult,Unknown,Other,13,12.875,Mid,Middle,72.0,2_male,2_C,2_Mid,Mr_male,0,0
0,3,male,40.0,0,0,7.8958,S,0,1,1,Single,Mr,Adult,Unknown,None,6,7.8958,Low,Middle,120.0,3_male,3_S,3_Low,Mr_male,0,0
1,2,male,1.0,0,2,37.0042,C,0,3,0,Small,Master,Child,Unknown,SCPARIS,15,12.334733333333332,VeryHigh,Child,2.0,2_male,2_C,2_VeryHigh,Master_male,1,0
0,3,male,40.0,1,1,15.5,Q,0,3,0,Small,Mr,Adult,Unknown,None,6,5.166666666666667,High,Middle,120.0,3_male,3_Q,3_High,Mr_male,0,0
0,3,female,28.0,0,0,7.8958,S,0,1,1,Single,Miss,Young,Unknown,None,6,7.8958,Low,Adult,84.0,3_female,3_S,3_Low,Miss_female,1,0
1,2,female,40.0,0,0,13.0,S,0,1,1,Single,Miss,Young,Unknown,None,5,13.0,Mid,Middle,80.0,2_female,2_S,2_Mid,Miss_female,1,0
1,3,female,19.416359126984126,0,0,7.7333,Q,0,1,1,Single,Miss,Young,Unknown,None,5,7.7333,Low,Adult,58.24907738095238,3_female,3_Q,3_Low,Miss_female,1,0
0,3,male,27.0,0,0,7.8958,S,0,1,1,Single,Mr,Adult,Unknown,None,6,7.8958,Low,Adult,81.0,3_male,3_S,3_Low,Mr_male,0,0
1,1,female,24.0,0,0,83.1583,C,1,1,1,Single,Miss,Young,Unknown,None,5,83.1583,VeryHigh,Adult,24.0,1_female,1_C,1_VeryHigh,Miss_female,1,1
1,2,female,5.0,1,2,27.75,S,0,4,0,Small,Miss,Young,Unknown,CA,10,6.9375,High,Child,10.0,2_female,2_S,2_High,Miss_female,1,0
0,3,male,34.0,0,0,6.4958,S,0,1,1,Single,Mr,Adult,Unknown,None,7,6.4958,Low,Adult,102.0,3_male,3_S,3_Low,Mr_male,0,0
1,1,female,23.0,1,0,113.275,C,1,2,0,Small,Miss,Young,Unknown,None,5,56.6375,VeryHigh,Adult,23.0,1_female,1_C,1_VeryHigh,Miss_female,1,1
0,3,male,70.5,0,0,7.75,Q,0,1,1,Single,Mr,Adult,Unknown,None,6,7.75,Low,Senior,211.5,3_male,3_Q,3_Low,Mr_male,0,0
1,3,female,17.0,4,2,7.925,S,0,7,0,Medium,Miss,Young,Unknown,None,7,1.1321428571428571,Mid,Teen,51.0,3_female,3_S,3_Mid,Miss_female,1,0
1,1,female,16.0,0,1,57.9792,C,1,2,0,Small,Miss,Young,Unknown,None,6,28.9896,VeryHigh,Teen,16.0,1_female,1_C,1_VeryHigh,Miss_female,1,1
0,3,male,19.0,0,0,8.1583,S,0,1,1,Single,Mr,Adult,Unknown,Other,9,8.1583,Mid,Adult,57.0,3_male,3_S,3_Mid,Mr_male,0,0
0,3,male,25.0,0,0,7.25,S,0,1,1,Single,Mr,Adult,Unknown,None,6,7.25,Low,Adult,75.0,3_male,3_S,3_Low,Mr_male,0,0
0,1,female,25.0,1,2,151.55,S,1,4,0,Small,Mrs,Adult,Unknown,None,6,37.8875,VeryHigh,Adult,25.0,1_female,1_S,1_VeryHigh,Mrs_female,1,1
0,1,male,42.0,1,0,52.0,S,0,2,0,Small,Mr,Adult,Unknown,None,6,26.0,VeryHigh,Middle,42.0,1_male,1_S,1_VeryHigh,Mr_male,0,0
0,3,male,21.0,0,0,7.925,S,0,1,1,Single,Mr,Adult,Unknown,STONO ,17,7.925,Mid,Adult,63.0,3_male,3_S,3_Mid,Mr_male,0,0
0,3,male,28.08613077322936,0,0,7.8958,S,0,1,1,Single,Mr,Adult,Unknown,None,6,7.8958,Low,Adult,84.25839231968808,3_male,3_S,3_Low,Mr_male,0,0
0,2,male,35.057760836171056,0,0,0.0,S,0,1,1,Single,Mr,Adult,Unknown,None,6,0.0,Low,Middle,70.11552167234211,2_male,2_S,2_Low,Mr_male,0,0
1,1,female,15.0,0,1,211.3375,S,1,2,0,Small,Miss,Young,Unknown,None,5,105.66875,VeryHigh,Teen,15.0,1_female,1_S,1_VeryHigh,Miss_female,1,1
0,3,male,45.0,0,0,6.975,S,0,1,1,Single,Mr,Adult,Unknown,None,6,6.975,Low,Middle,135.0,3_male,3_S,3_Low,Mr_male,0,0
0,3,male,28.594166666666666,1,0,19.9667,S,0,2,0,Small,Mr,Adult,Unknown,None,5,9.98335,High,Adult,85.7825,3_male,3_S,3_High,Mr_male,0,0
1,3,male,25.0,1,0,7.775,S,0,2,0,Small,Mr,Adult,Unknown,None,6,3.8875,Low,Adult,75.0,3_male,3_S,3_Low,Mr_male,0,0
0,1,male,33.0,0,0,5.0,S,1,1,1,Single,Mr,Adult,Unknown,None,3,5.0,Low,Adult,33.0,1_male,1_S,1_Low,Mr_male,0,0
1,2,female,28.0,0,0,13.0,S,0,1,1,Single,Miss,Young,Unknown,None,6,13.0,Mid,Adult,56.0,2_female,2_S,2_Mid,Miss_female,1,0
0,2,male,32.0,2,0,73.5,S,0,3,0,Small,Mr,Adult,Unknown,SOC,12,24.5,VeryHigh,Adult,64.0,2_male,2_S,2_VeryHigh,Mr_male,0,0
1,1,male,26.0,0,0,30.0,C,1,1,1,Single,Mr,Adult,Unknown,None,6,30.0,High,Adult,26.0,1_male,1_C,1_High,Mr_male,0,0
0,3,male,37.0,2,0,7.925,S,0,3,0,Small,Mr,Adult,Unknown,None,7,2.6416666666666666,Mid,Middle,111.0,3_male,3_S,3_Mid,Mr_male,0,0
0,1,female,50.0,0,0,28.7125,C,1,1,1,Single,Miss,Young,Unknown,PC,8,28.7125,High,Middle,50.0,1_female,1_C,1_High,Miss_female,1,1
0,1,male,50.0,1,0,106.425,C,1,2,0,Small,Mr,Adult,Unknown,PC,8,53.2125,VeryHigh,Middle,50.0,1_male,1_C,1_VeryHigh,Mr_male,0,0
0,3,female,19.343621794871797,0,0,8.1375,Q,0,1,1,Single,Miss,Young,Unknown,None,6,8.1375,Mid,Adult,58.030865384615396,3_female,3_Q,3_Mid,Miss_female,1,0
0,2,male,34.0,1,0,21.0,S,0,2,0,Small,Mr,Adult,Unknown,None,5,10.5,High,Adult,68.0,2_male,2_S,2_High,Mr_male,0,0
1,3,female,21.89530952380952,0,0,7.8792,Q,0,1,1,Single,Miss,Young,Unknown,None,6,7.8792,Low,Adult,65.68592857142856,3_female,3_Q,3_Low,Miss_female,1,0
1,1,female,35.0,0,0,512.3292,C,0,1,1,Single,Miss,Young,Unknown,PC,8,512.3292,VeryHigh,Adult,35.0,1_female,1_C,1_VeryHigh,Miss_female,1,1
0,3,female,48.0,1,3,34.375,S,0,5,0,Medium,Mrs,Adult,Unknown,WC,10,6.875,VeryHigh,Middle,144.0,3_female,3_S,3_VeryHigh,Mrs_female,1,0
0,1,male,47.0,0,0,38.5,S,1,1,1,Single,Mr,Adult,Unknown,None,6,38.5,VeryHigh,Middle,47.0,1_male,1_S,1_VeryHigh,Mr_male,0,0
1,1,male,49.28298809523808,0,0,26.55,S,0,1,1,Single,Mr,Adult,Unknown,None,6,26.55,High,Middle,49.28298809523808,1_male,1_S,1_High,Mr_male,0,0
